PLAYER_NAME,Season,DIST_MILES_DEF,AVG_SPEED_DEF
Aaron Gordon,2018-19,1.12,3.79
Aaron Holiday,2018-19,0.49,4.12
Abdel Nader,2018-19,0.45,4.27
Al Horford,2018-19,0.96,3.64
Al-Farouq Aminu,2018-19,0.96,3.93
Alan Williams,2018-19,0.18,3.71
Alec Burks,2018-19,0.74,4.05
Alex Abrines,2018-19,0.72,4.04
Alex Caruso,2018-19,0.76,3.89
Alex Len,2018-19,0.71,3.88
Alex Poythress,2018-19,0.55,4.05
Alfonzo McKinnie,2018-19,0.54,4.28
Alize Johnson,2018-19,0.18,4.26
Allen Crabbe,2018-19,0.9,3.88
Allonzo Trier,2018-19,0.76,3.82
Amile Jefferson,2018-19,0.21,4.3
Amir Johnson,2018-19,0.36,3.89
Andre Drummond,2018-19,1.1,3.88
Andre Iguodala,2018-19,0.82,3.77
Andre Ingram,2018-19,0.13,3.59
Andrew Bogut,2018-19,0.33,3.61
Andrew Harrison,2018-19,0.36,3.8
Andrew Wiggins,2018-19,1.17,3.78
Anfernee Simons,2018-19,0.24,4.12
Angel Delgado,2018-19,0.29,4.13
Ante Zizic,2018-19,0.61,3.92
Anthony Davis,2018-19,1.09,3.57
Anthony Tolliver,2018-19,0.56,3.82
Antonio Blakeney,2018-19,0.53,4.05
Aron Baynes,2018-19,0.56,3.86
Austin Rivers,2018-19,0.92,3.89
Avery Bradley,2018-19,1.13,4.23
BJ Johnson,2018-19,0.24,3.75
Bam Adebayo,2018-19,0.8,3.88
Ben McLemore,2018-19,0.34,4.48
Ben Simmons,2018-19,1.13,3.66
Billy Garrett,2018-19,0.5,3.51
Bismack Biyombo,2018-19,0.49,3.9
Blake Griffin,2018-19,0.99,3.42
Boban Marjanovic,2018-19,0.4,3.83
Bobby Portis,2018-19,0.9,3.79
Bogdan Bogdanovic,2018-19,0.98,3.81
Bojan Bogdanovic,2018-19,1.09,3.87
Bonzie Colson,2018-19,0.43,4.31
Brad Wanamaker,2018-19,0.35,3.97
Bradley Beal,2018-19,1.29,3.85
Brandon Goodwin,2018-19,0.13,4.01
Brandon Ingram,2018-19,1.21,3.91
Brandon Knight,2018-19,0.62,3.98
Brandon Sampson,2018-19,0.57,4.14
Brook Lopez,2018-19,0.93,3.55
Bruce Brown,2018-19,0.71,4.31
Bruno Caboclo,2018-19,0.84,4.09
Bryn Forbes,2018-19,0.94,3.88
Buddy Hield,2018-19,1.26,4.27
C.J. Williams,2018-19,0.31,3.83
CJ McCollum,2018-19,1.15,3.93
CJ Miles,2018-19,0.53,3.73
Caleb Swanigan,2018-19,0.29,3.99
Cam Reynolds,2018-19,0.51,4.12
Cameron Payne,2018-19,0.63,3.93
Caris LeVert,2018-19,0.91,3.88
Carmelo Anthony,2018-19,0.94,3.59
Cedi Osman,2018-19,1.04,3.86
Chandler Hutchison,2018-19,0.73,4.03
Chandler Parsons,2018-19,0.62,3.63
Channing Frye,2018-19,0.28,3.5
Chasson Randle,2018-19,0.57,4.13
Cheick Diallo,2018-19,0.5,3.99
Chimezie Metu,2018-19,0.17,4.04
Chris Boucher,2018-19,0.21,4.0
Chris Chiozza,2018-19,0.16,4.05
Chris Paul,2018-19,0.95,3.41
Christian Wood,2018-19,0.41,4.03
Clint Capela,2018-19,1.12,3.79
Cody Zeller,2018-19,0.87,3.82
Collin Sexton,2018-19,0.99,3.75
Corey Brewer,2018-19,0.58,4.14
Cory Joseph,2018-19,0.94,4.18
Courtney Lee,2018-19,0.45,3.99
Cristiano Felicio,2018-19,0.45,4.01
D'Angelo Russell,2018-19,0.99,3.73
D.J. Augustin,2018-19,0.9,3.76
D.J. Wilson,2018-19,0.68,4.18
DJ Stephens,2018-19,0.26,5.21
Dairis Bertans,2018-19,0.51,4.15
Damian Jones,2018-19,0.64,4.03
Damian Lillard,2018-19,1.08,3.54
Damion Lee,2018-19,0.44,4.14
Damyean Dotson,2018-19,0.96,3.95
Daniel Hamilton,2018-19,0.45,4.47
Daniel Theis,2018-19,0.5,3.96
Danilo Gallinari,2018-19,0.97,3.62
Danny Green,2018-19,1.06,4.22
Dante Cunningham,2018-19,0.53,4.26
Dante Exum,2018-19,0.6,4.19
Danuel House Jr.,2018-19,0.9,4.0
Dario Saric,2018-19,0.89,4.01
Darius Miller,2018-19,0.84,3.61
Darren Collison,2018-19,0.97,3.93
Daryl Macon,2018-19,0.38,3.85
David Nwaba,2018-19,0.67,4.09
Davis Bertans,2018-19,0.73,3.84
Davon Reed,2018-19,0.18,4.19
De'Aaron Fox,2018-19,1.15,3.94
De'Anthony Melton,2018-19,0.72,4.06
DeAndre Jordan,2018-19,0.91,3.57
DeAndre' Bembry,2018-19,0.86,4.01
DeMar DeRozan,2018-19,1.12,3.76
DeMarcus Cousins,2018-19,0.81,3.49
DeMarre Carroll,2018-19,0.83,3.67
DeVaughn Akoon-Purcell,2018-19,0.1,4.22
Deandre Ayton,2018-19,1.0,3.73
Delon Wright,2018-19,0.83,4.14
Demetrius Jackson,2018-19,0.24,4.29
Deng Adel,2018-19,0.35,4.07
Dennis Schroder,2018-19,1.09,3.91
Dennis Smith Jr.,2018-19,0.97,3.89
Deonte Burton,2018-19,0.27,3.94
Derrick Favors,2018-19,0.82,3.97
Derrick Jones Jr.,2018-19,0.69,4.07
Derrick Rose,2018-19,0.95,3.85
Derrick White,2018-19,0.88,3.94
Devin Booker,2018-19,1.11,3.63
Devin Harris,2018-19,0.49,3.53
Devin Robinson,2018-19,0.49,3.89
Devonte' Graham,2018-19,0.52,3.88
Dewayne Dedmon,2018-19,0.86,3.82
Deyonta Davis,2018-19,0.5,4.12
Dillon Brooks,2018-19,0.65,4.01
Dion Waiters,2018-19,0.78,3.51
Dirk Nowitzki,2018-19,0.43,3.25
Domantas Sabonis,2018-19,0.88,3.91
Donatas Motiejunas,2018-19,0.16,4.15
Donovan Mitchell,2018-19,1.08,3.6
Donte DiVincenzo,2018-19,0.57,4.07
Donte Grantham,2018-19,0.03,5.16
Dorian Finney-Smith,2018-19,0.88,4.08
Doug McDermott,2018-19,0.66,4.2
Dragan Bender,2018-19,0.6,3.77
Draymond Green,2018-19,1.01,3.46
Drew Eubanks,2018-19,0.17,3.91
Duncan Robinson,2018-19,0.39,4.16
Dusty Hannahs,2018-19,0.46,3.61
Dwayne Bacon,2018-19,0.6,3.79
Dwight Howard,2018-19,0.82,3.55
Dwight Powell,2018-19,0.75,3.89
Dwyane Wade,2018-19,0.82,3.54
Dzanan Musa,2018-19,0.14,3.89
E'Twaun Moore,2018-19,1.02,4.0
Ed Davis,2018-19,0.6,3.8
Edmond Sumner,2018-19,0.34,4.22
Ekpe Udoh,2018-19,0.22,3.84
Elfrid Payton,2018-19,1.05,3.92
Elie Okobo,2018-19,0.67,4.15
Emanuel Terry,2018-19,0.28,3.8
Emmanuel Mudiay,2018-19,0.92,3.9
Enes Freedom,2018-19,0.82,3.94
Eric Bledsoe,2018-19,1.04,3.86
Eric Gordon,2018-19,0.99,3.52
Eric Moreland,2018-19,0.3,3.96
Ersan Ilyasova,2018-19,0.65,3.87
Evan Fournier,2018-19,1.09,4.02
Evan Turner,2018-19,0.71,3.82
Frank Jackson,2018-19,0.71,4.08
Frank Kaminsky,2018-19,0.53,3.79
Frank Mason III,2018-19,0.4,3.83
Frank Ntilikina,2018-19,0.75,3.94
Fred VanVleet,2018-19,0.98,3.96
Furkan Korkmaz,2018-19,0.52,4.09
Garrett Temple,2018-19,0.96,4.06
Gary Clark,2018-19,0.44,3.94
Gary Harris,2018-19,0.99,3.93
Gary Payton II,2018-19,0.25,4.82
Gary Trent Jr.,2018-19,0.24,3.88
George Hill,2018-19,0.77,3.97
George King,2018-19,0.23,3.69
Georges Niang,2018-19,0.32,3.99
Gerald Green,2018-19,0.71,3.98
Giannis Antetokounmpo,2018-19,1.09,3.62
Glenn Robinson III,2018-19,0.48,4.3
Goran Dragic,2018-19,0.94,3.82
Gordon Hayward,2018-19,0.93,3.93
Gorgui Dieng,2018-19,0.47,3.89
Grayson Allen,2018-19,0.38,3.87
Greg Monroe,2018-19,0.38,3.87
Guerschon Yabusele,2018-19,0.22,3.89
Hamidou Diallo,2018-19,0.4,4.23
Harrison Barnes,2018-19,1.15,3.95
Harry Giles III,2018-19,0.51,3.91
Hassan Whiteside,2018-19,0.76,3.73
Haywood Highsmith,2018-19,0.28,4.13
Henry Ellenson,2018-19,0.49,4.16
Ian Clark,2018-19,0.59,4.05
Ian Mahinmi,2018-19,0.53,3.95
Ike Anigbogu,2018-19,0.07,3.21
Iman Shumpert,2018-19,0.87,3.99
Isaac Bonga,2018-19,0.21,4.15
Isaac Humphries,2018-19,0.43,4.55
Isaiah Briscoe,2018-19,0.51,3.99
Isaiah Canaan,2018-19,0.7,3.95
Isaiah Hartenstein,2018-19,0.3,4.23
Isaiah Hicks,2018-19,0.38,3.8
Isaiah Thomas,2018-19,0.49,3.57
Ish Smith,2018-19,0.74,3.86
Ivan Rabb,2018-19,0.52,4.01
Ivica Zubac,2018-19,0.61,3.89
J.J. Barea,2018-19,0.64,3.66
J.P. Macura,2018-19,0.32,3.63
JJ Redick,2018-19,1.11,3.94
JR Smith,2018-19,0.65,3.65
JaKarr Sampson,2018-19,1.14,3.83
JaMychal Green,2018-19,0.75,4.02
JaVale McGee,2018-19,0.78,3.87
Jabari Parker,2018-19,0.96,3.83
Jacob Evans,2018-19,0.25,4.04
Jae Crowder,2018-19,0.91,3.71
Jahlil Okafor,2018-19,0.56,3.99
Jake Layman,2018-19,0.65,4.07
Jakob Poeltl,2018-19,0.6,4.21
Jalen Brunson,2018-19,0.77,4.09
Jalen Jones,2018-19,0.5,4.16
Jamal Crawford,2018-19,0.57,3.39
Jamal Murray,2018-19,1.09,3.82
James Ennis III,2018-19,0.78,4.07
James Harden,2018-19,1.06,3.29
James Johnson,2018-19,0.69,3.72
James Nunnally,2018-19,0.26,4.21
Jared Dudley,2018-19,0.65,3.63
Jared Terrell,2018-19,0.26,3.69
Jarell Martin,2018-19,0.28,3.9
Jaren Jackson Jr.,2018-19,0.9,4.04
Jaron Blossomgame,2018-19,0.55,3.99
Jarred Vanderbilt,2018-19,0.15,4.18
Jarrett Allen,2018-19,0.87,3.75
Jason Smith,2018-19,0.34,3.95
Jawun Evans,2018-19,0.3,4.21
Jaylen Adams,2018-19,0.46,4.0
Jaylen Brown,2018-19,0.98,4.08
Jaylen Morris,2018-19,0.25,4.02
Jayson Tatum,2018-19,1.07,3.81
Jeff Green,2018-19,0.89,3.57
Jeff Teague,2018-19,0.9,3.39
Jemerrio Jones,2018-19,0.92,4.32
Jerami Grant,2018-19,1.17,3.77
Jeremy Lamb,2018-19,0.99,3.96
Jeremy Lin,2018-19,0.71,3.97
Jerian Grant,2018-19,0.54,3.86
Jerome Robinson,2018-19,0.37,4.09
Jerryd Bayless,2018-19,0.61,3.63
Jevon Carter,2018-19,0.55,4.23
Jimmer Fredette,2018-19,0.39,3.84
Jimmy Butler,2018-19,1.19,3.99
Joakim Noah,2018-19,0.58,3.97
Jodie Meeks,2018-19,0.49,4.13
Joe Chealey,2018-19,0.24,3.03
Joe Harris,2018-19,1.04,3.92
Joe Ingles,2018-19,1.06,3.83
Joel Embiid,2018-19,1.07,3.52
John Collins,2018-19,1.05,3.93
John Henson,2018-19,0.47,3.81
John Holland,2018-19,0.01,0.0
John Jenkins,2018-19,0.43,3.92
John Wall,2018-19,1.07,3.41
Johnathan Motley,2018-19,0.26,3.91
Johnathan Williams,2018-19,0.57,4.04
Jon Leuer,2018-19,0.34,4.14
Jonah Bolden,2018-19,0.52,4.05
Jonas Jerebko,2018-19,0.6,3.97
Jonas Valanciunas,2018-19,0.74,3.75
Jonathan Isaac,2018-19,0.92,4.02
Jonathon Simmons,2018-19,0.69,4.11
Jordan Bell,2018-19,0.4,3.92
Jordan Clarkson,2018-19,0.91,3.89
Jordan Loyd,2018-19,0.15,4.12
Jordan McRae,2018-19,0.42,3.67
Jordan Sibert,2018-19,0.12,3.49
Jose Calderon,2018-19,0.43,3.92
Josh Hart,2018-19,0.95,4.01
Josh Jackson,2018-19,0.88,3.92
Josh Okogie,2018-19,0.9,4.35
Josh Richardson,2018-19,1.17,3.85
Jrue Holiday,2018-19,1.25,3.77
Juancho Hernangomez,2018-19,0.72,4.22
Julian Washburn,2018-19,0.51,4.12
Julius Randle,2018-19,1.02,3.67
Justin Anderson,2018-19,0.35,3.85
Justin Holiday,2018-19,1.13,4.03
Justin Jackson,2018-19,0.71,3.96
Justin Patton,2018-19,0.23,3.9
Justise Winslow,2018-19,1.0,3.84
Jusuf Nurkic,2018-19,0.9,3.77
Kadeem Allen,2018-19,0.75,3.84
Kalin Lucas,2018-19,0.22,4.17
Karl-Anthony Towns,2018-19,1.12,3.87
Kawhi Leonard,2018-19,1.18,3.84
Keita Bates-Diop,2018-19,0.61,4.07
Kelly Olynyk,2018-19,0.76,3.83
Kelly Oubre Jr.,2018-19,1.02,3.99
Kemba Walker,2018-19,1.09,3.56
Kenneth Faried,2018-19,0.68,3.96
Kenrich Williams,2018-19,0.87,4.19
Kent Bazemore,2018-19,0.91,4.04
Kentavious Caldwell-Pope,2018-19,0.89,3.93
Kevin Durant,2018-19,1.11,3.45
Kevin Huerter,2018-19,1.01,4.1
Kevin Knox II,2018-19,1.01,3.94
Kevin Love,2018-19,0.9,3.79
Kevon Looney,2018-19,0.68,3.96
Khem Birch,2018-19,0.45,3.91
Khris Middleton,2018-19,1.1,3.84
Khyri Thomas,2018-19,0.26,4.18
Klay Thompson,2018-19,1.18,3.78
Kobi Simmons,2018-19,0.05,6.45
Kosta Koufos,2018-19,0.43,4.08
Kostas Antetokounmpo,2018-19,0.19,4.05
Kris Dunn,2018-19,1.04,3.89
Kyle Anderson,2018-19,1.02,4.03
Kyle Korver,2018-19,0.68,3.99
Kyle Kuzma,2018-19,1.2,3.95
Kyle Lowry,2018-19,1.08,3.52
Kyle O'Quinn,2018-19,0.27,3.73
Kyrie Irving,2018-19,1.1,3.64
LaMarcus Aldridge,2018-19,1.09,3.84
Lance Stephenson,2018-19,0.56,3.72
Lance Thomas,2018-19,0.62,4.15
Landry Shamet,2018-19,0.84,4.07
Langston Galloway,2018-19,0.79,4.22
Larry Nance Jr.,2018-19,0.86,3.84
Lauri Markkanen,2018-19,1.05,3.74
LeBron James,2018-19,1.09,3.35
Lonnie Walker IV,2018-19,0.24,3.95
Lonzo Ball,2018-19,1.14,4.08
Lorenzo Brown,2018-19,0.31,4.17
Lou Williams,2018-19,0.83,3.43
Luc Mbah a Moute,2018-19,0.55,3.92
Luka Doncic,2018-19,1.0,3.62
Luke Kennard,2018-19,0.73,3.82
Luke Kornet,2018-19,0.55,3.72
Luol Deng,2018-19,0.64,4.0
Malachi Richardson,2018-19,0.16,3.95
Malcolm Brogdon,2018-19,1.0,3.84
Malcolm Miller,2018-19,0.26,4.27
Malik Beasley,2018-19,0.79,3.87
Malik Monk,2018-19,0.6,3.89
MarShon Brooks,2018-19,0.45,3.96
Marc Gasol,2018-19,0.91,3.43
Marcin Gortat,2018-19,0.55,3.99
Marco Belinelli,2018-19,0.79,3.94
Marcus Derrickson,2018-19,0.2,3.77
Marcus Morris Sr.,2018-19,0.93,3.72
Marcus Smart,2018-19,0.96,3.82
Mario Hezonja,2018-19,0.72,3.93
Markelle Fultz,2018-19,0.85,4.22
Markieff Morris,2018-19,0.73,3.61
Marquese Chriss,2018-19,0.4,3.9
Marvin Bagley III,2018-19,0.94,4.11
Marvin Williams,2018-19,0.95,3.83
Mason Plumlee,2018-19,0.72,3.86
Matthew Dellavedova,2018-19,0.56,3.72
Maurice Harkless,2018-19,0.83,4.08
Maxi Kleber,2018-19,0.7,3.77
Melvin Frazier Jr.,2018-19,0.16,4.28
Meyers Leonard,2018-19,0.45,3.78
Michael Beasley,2018-19,0.38,3.9
Michael Carter-Williams,2018-19,0.49,4.05
Michael Kidd-Gilchrist,2018-19,0.68,4.1
Mikal Bridges,2018-19,1.08,4.07
Mike Conley,2018-19,1.11,3.87
Mike Muscala,2018-19,0.74,4.05
Mike Scott,2018-19,0.63,3.96
Miles Bridges,2018-19,0.76,4.07
Miles Plumlee,2018-19,0.37,4.09
Milos Teodosic,2018-19,0.35,3.83
Mitchell Creek,2018-19,0.35,3.88
Mitchell Robinson,2018-19,0.74,4.02
Mo Bamba,2018-19,0.57,3.96
Monte Morris,2018-19,0.82,3.86
Montrezl Harrell,2018-19,0.88,3.64
Moritz Wagner,2018-19,0.35,3.73
Myles Turner,2018-19,0.95,3.77
Naz Mitrou-Long,2018-19,0.21,3.91
Nemanja Bjelica,2018-19,0.83,3.87
Nene,2018-19,0.45,3.87
Nerlens Noel,2018-19,0.52,4.0
Nick Young,2018-19,0.31,3.76
Nicolas Batum,2018-19,1.13,4.09
Nik Stauskas,2018-19,0.5,3.93
Nikola Jokic,2018-19,0.98,3.6
Nikola Mirotic,2018-19,1.0,3.92
Nikola Vucevic,2018-19,1.0,3.7
Noah Vonleh,2018-19,0.87,3.89
Norman Powell,2018-19,0.68,3.99
OG Anunoby,2018-19,0.75,4.15
Okaro White,2018-19,0.07,3.69
Omari Spellman,2018-19,0.64,4.04
Omri Casspi,2018-19,0.49,4.03
Otto Porter Jr.,2018-19,1.09,4.02
P.J. Dozier,2018-19,0.29,3.61
P.J. Tucker,2018-19,1.17,3.92
Pascal Siakam,2018-19,1.14,3.96
Pat Connaughton,2018-19,0.76,4.07
Patrick Beverley,2018-19,1.0,4.1
Patrick McCaw,2018-19,0.51,4.15
Patrick Patterson,2018-19,0.5,3.86
Patty Mills,2018-19,0.82,3.98
Pau Gasol,2018-19,0.39,3.76
Paul George,2018-19,1.29,3.65
Paul Millsap,2018-19,0.9,3.83
Quincy Acy,2018-19,0.42,3.69
Quincy Pondexter,2018-19,0.19,3.93
Quinn Cook,2018-19,0.5,4.08
RJ Hunter,2018-19,0.84,3.23
Rajon Rondo,2018-19,0.99,3.68
Raul Neto,2018-19,0.46,4.01
Rawle Alkins,2018-19,0.42,3.93
Ray Spalding,2018-19,0.39,3.92
Raymond Felton,2018-19,0.41,3.81
Reggie Bullock,2018-19,1.02,4.01
Reggie Jackson,2018-19,0.89,3.8
Richaun Holmes,2018-19,0.58,3.85
Ricky Rubio,2018-19,0.93,3.77
Robert Covington,2018-19,1.2,3.91
Robert Williams III,2018-19,0.32,3.97
Robin Lopez,2018-19,0.71,3.79
Rodions Kurucs,2018-19,0.76,4.17
Rodney Hood,2018-19,0.85,3.82
Rodney McGruder,2018-19,0.86,4.12
Ron Baker,2018-19,0.43,4.68
Rondae Hollis-Jefferson,2018-19,0.73,3.93
Royce O'Neale,2018-19,0.73,3.96
Rudy Gay,2018-19,0.9,3.96
Rudy Gobert,2018-19,1.09,3.85
Russell Westbrook,2018-19,1.18,3.41
Ryan Anderson,2018-19,0.41,3.83
Ryan Arcidiacono,2018-19,0.88,4.12
Ryan Broekhoff,2018-19,0.37,3.83
Salah Mejri,2018-19,0.38,3.93
Sam Dekker,2018-19,0.62,4.14
Scott Machado,2018-19,0.16,3.94
Semi Ojeleye,2018-19,0.38,3.9
Serge Ibaka,2018-19,0.9,3.7
Seth Curry,2018-19,0.64,3.95
Shabazz Napier,2018-19,0.59,3.82
Shai Gilgeous-Alexander,2018-19,0.97,4.15
Shake Milton,2018-19,0.48,4.08
Shaquille Harrison,2018-19,0.78,4.47
Shaun Livingston,2018-19,0.53,3.85
Shelvin Mack,2018-19,0.76,4.08
Sindarius Thornwell,2018-19,0.2,4.21
Skal Labissiere,2018-19,0.29,4.1
Solomon Hill,2018-19,0.71,3.91
Spencer Dinwiddie,2018-19,0.89,3.56
Stanley Johnson,2018-19,0.63,3.98
Stephen Curry,2018-19,1.18,3.74
Sterling Brown,2018-19,0.69,4.3
Steven Adams,2018-19,1.23,3.88
Svi Mykhailiuk,2018-19,0.39,3.99
T.J. Leaf,2018-19,0.33,4.11
T.J. McConnell,2018-19,0.74,4.31
T.J. Warren,2018-19,1.09,3.91
Tahjere McCall,2018-19,0.32,3.46
Taj Gibson,2018-19,0.85,3.97
Taurean Prince,2018-19,0.97,3.83
Terrance Ferguson,2018-19,1.03,4.14
Terrence Jones,2018-19,0.09,5.93
Terrence Ross,2018-19,0.91,3.88
Terry Rozier,2018-19,0.82,4.08
Thabo Sefolosha,2018-19,0.42,3.9
Thaddeus Young,2018-19,1.09,3.97
Theo Pinson,2018-19,0.4,3.75
Thomas Bryant,2018-19,0.73,3.92
Thomas Welsh,2018-19,0.11,4.16
Thon Maker,2018-19,0.56,4.15
Tim Frazier,2018-19,0.68,3.98
Tim Hardaway Jr.,2018-19,1.04,3.7
Timothe Luwawu-Cabarrot,2018-19,0.5,4.18
Tobias Harris,2018-19,1.17,3.81
Tomas Satoransky,2018-19,1.01,4.1
Tony Bradley,2018-19,0.43,4.08
Tony Parker,2018-19,0.59,3.81
Tony Snell,2018-19,0.63,3.91
Torrey Craig,2018-19,0.77,4.36
Trae Young,2018-19,1.05,3.76
Treveon Graham,2018-19,0.74,4.08
Trevon Duval,2018-19,0.07,3.71
Trevor Ariza,2018-19,1.15,3.81
Trey Burke,2018-19,0.71,4.09
Trey Lyles,2018-19,0.57,3.73
Tristan Thompson,2018-19,0.9,3.96
Troy Brown Jr.,2018-19,0.5,3.9
Troy Caupain,2018-19,0.13,3.75
Troy Daniels,2018-19,0.53,3.91
Troy Williams,2018-19,0.57,4.06
Tyler Cavanaugh,2018-19,0.13,3.93
Tyler Davis,2018-19,0.02,0.0
Tyler Dorsey,2018-19,0.54,4.12
Tyler Johnson,2018-19,0.93,3.93
Tyler Lydon,2018-19,0.13,4.37
Tyler Ulis,2018-19,,
Tyler Zeller,2018-19,0.55,3.87
Tyreke Evans,2018-19,0.67,3.68
Tyrone Wallace,2018-19,0.39,4.07
Tyson Chandler,2018-19,0.53,3.71
Tyus Jones,2018-19,0.79,3.9
Udonis Haslem,2018-19,0.24,3.57
Victor Oladipo,2018-19,1.15,3.99
Vince Carter,2018-19,0.59,3.62
Vincent Edwards,2018-19,0.27,3.3
Wade Baldwin IV,2018-19,0.21,4.35
Walt Lemon Jr.,2018-19,1.01,3.98
Wayne Ellington,2018-19,0.81,3.85
Wayne Selden,2018-19,0.62,3.73
Wendell Carter Jr.,2018-19,0.89,3.92
Wes Iwundu,2018-19,0.66,4.15
Wesley Johnson,2018-19,0.51,3.94
Wesley Matthews,2018-19,1.02,3.85
Will Barton,2018-19,0.94,3.86
Willie Cauley-Stein,2018-19,0.98,3.86
Willy Hernangomez,2018-19,0.49,3.94
Wilson Chandler,2018-19,0.8,3.86
Yante Maten,2018-19,0.24,3.92
Yogi Ferrell,2018-19,0.54,3.95
Yuta Watanabe,2018-19,0.43,3.99
Zach Collins,2018-19,0.58,3.91
Zach LaVine,2018-19,1.22,3.99
Zach Lofton,2018-19,0.15,2.94
Zaza Pachulia,2018-19,0.42,3.83
Zhaire Smith,2018-19,0.67,4.09
Zhou Qi,2018-19,0.04,0.0
Aaron Gordon,2019-20,1.08,3.76
Aaron Holiday,2019-20,0.87,3.98
Abdel Nader,2019-20,0.58,4.09
Adam Mokoka,2019-20,0.38,4.06
Admiral Schofield,2019-20,0.38,3.8
Al Horford,2019-20,0.94,3.65
Al-Farouq Aminu,2019-20,0.72,3.93
Alec Burks,2019-20,0.91,3.89
Alen Smailagic,2019-20,0.37,4.16
Alex Caruso,2019-20,0.67,4.03
Alex Len,2019-20,0.6,3.85
Alfonzo McKinnie,2019-20,0.54,4.24
Alize Johnson,2019-20,0.25,4.36
Allen Crabbe,2019-20,0.61,3.88
Allonzo Trier,2019-20,0.43,3.85
Amile Jefferson,2019-20,0.14,4.0
Amir Coffey,2019-20,0.3,3.67
Andre Drummond,2019-20,1.06,3.74
Andre Iguodala,2019-20,0.72,3.97
Andre Roberson,2019-20,0.49,4.47
Andrew Wiggins,2019-20,1.12,3.61
Anfernee Simons,2019-20,0.75,4.12
Ante Zizic,2019-20,0.36,3.86
Anthony Davis,2019-20,1.11,3.59
Anthony Tolliver,2019-20,0.52,3.75
Antonius Cleveland,2019-20,0.14,3.93
Anzejs Pasecniks,2019-20,0.58,3.89
Aron Baynes,2019-20,0.74,3.71
Austin Rivers,2019-20,0.83,3.85
Avery Bradley,2019-20,0.93,4.29
BJ Johnson,2019-20,0.3,3.92
Bam Adebayo,2019-20,1.12,3.82
Ben McLemore,2019-20,0.85,4.11
Ben Simmons,2019-20,1.14,3.67
Bismack Biyombo,2019-20,0.67,3.92
Blake Griffin,2019-20,0.85,3.44
Boban Marjanovic,2019-20,0.32,3.83
Bobby Portis,2019-20,0.71,3.81
Bogdan Bogdanovic,2019-20,1.01,3.87
Bojan Bogdanovic,2019-20,1.08,3.74
Bol Bol,2019-20,0.43,3.76
Brad Wanamaker,2019-20,0.63,3.63
Bradley Beal,2019-20,1.21,3.74
Brandon Clarke,2019-20,0.81,3.93
Brandon Goodwin,2019-20,0.46,4.07
Brandon Ingram,2019-20,1.16,3.75
Brandon Knight,2019-20,0.59,3.73
Brian Bowen II,2019-20,0.19,4.52
Brook Lopez,2019-20,0.88,3.57
Bruce Brown,2019-20,0.96,3.92
Bruno Caboclo,2019-20,0.29,4.01
Bruno Fernando,2019-20,0.45,4.02
Bryn Forbes,2019-20,0.85,3.86
Buddy Hield,2019-20,1.15,4.14
CJ McCollum,2019-20,1.22,3.85
CJ Miles,2019-20,0.54,3.58
Caleb Martin,2019-20,0.66,4.11
Caleb Swanigan,2019-20,0.39,4.11
Cam Reddish,2019-20,1.02,4.19
Cameron Johnson,2019-20,0.78,3.95
Cameron Payne,2019-20,0.84,4.08
Caris LeVert,2019-20,0.96,3.7
Carmelo Anthony,2019-20,1.0,3.49
Carsen Edwards,2019-20,0.34,4.18
Cedi Osman,2019-20,1.0,3.99
Chandler Hutchison,2019-20,0.68,4.08
Chandler Parsons,2019-20,0.36,3.61
Charlie Brown Jr.,2019-20,0.14,4.14
Chasson Randle,2019-20,0.51,4.15
Cheick Diallo,2019-20,0.34,3.87
Chimezie Metu,2019-20,0.19,3.89
Chris Boucher,2019-20,0.46,3.85
Chris Chiozza,2019-20,0.5,3.86
Chris Clemons,2019-20,0.3,3.9
Chris Paul,2019-20,0.93,3.28
Chris Silva,2019-20,0.28,4.13
Christian Wood,2019-20,0.72,3.79
Clint Capela,2019-20,1.14,3.76
Coby White,2019-20,0.91,3.99
Cody Martin,2019-20,0.71,4.25
Cody Zeller,2019-20,0.79,3.96
Collin Sexton,2019-20,1.05,3.75
Corey Brewer,2019-20,0.25,4.36
Cory Joseph,2019-20,0.9,4.12
Courtney Lee,2019-20,0.5,4.09
Cristiano Felicio,2019-20,0.63,4.08
D'Angelo Russell,2019-20,1.1,3.7
D.J. Augustin,2019-20,0.78,3.63
D.J. Wilson,2019-20,0.33,3.99
DaQuan Jeffries,2019-20,0.4,4.03
Damian Jones,2019-20,0.59,4.06
Damian Lillard,2019-20,1.17,3.58
Damion Lee,2019-20,1.08,4.1
Damyean Dotson,2019-20,0.59,3.83
Daniel Gafford,2019-20,0.53,4.16
Daniel Theis,2019-20,0.84,3.88
Danilo Gallinari,2019-20,0.9,3.47
Danny Green,2019-20,0.94,4.23
Dante Exum,2019-20,0.5,4.09
Danuel House Jr.,2019-20,1.13,4.06
Dario Saric,2019-20,0.86,3.97
Darius Bazley,2019-20,0.65,3.95
Darius Garland,2019-20,1.0,3.82
Daryl Macon,2019-20,0.13,3.97
David Nwaba,2019-20,0.48,4.04
Davis Bertans,2019-20,0.97,3.67
De'Aaron Fox,2019-20,1.13,3.86
De'Andre Hunter,2019-20,1.13,3.93
De'Anthony Melton,2019-20,0.7,3.97
DeAndre Jordan,2019-20,0.65,3.32
DeAndre' Bembry,2019-20,0.8,4.12
DeMar DeRozan,2019-20,1.1,3.65
DeMarre Carroll,2019-20,0.42,3.75
Dean Wade,2019-20,0.22,4.02
Deandre Ayton,2019-20,1.09,3.69
Dejounte Murray,2019-20,0.95,4.22
Delon Wright,2019-20,0.74,4.03
Dennis Schroder,2019-20,1.09,3.92
Dennis Smith Jr.,2019-20,0.55,3.94
Denzel Valentine,2019-20,0.47,3.92
Deonte Burton,2019-20,0.32,3.88
Derrick Favors,2019-20,0.84,3.83
Derrick Jones Jr.,2019-20,0.84,4.0
Derrick Rose,2019-20,0.86,3.72
Derrick Walton Jr.,2019-20,0.34,4.12
Derrick White,2019-20,0.85,3.8
Devin Booker,2019-20,1.19,3.68
Devon Hall,2019-20,0.23,3.46
Devontae Cacok,2019-20,0.35,3.62
Devonte' Graham,2019-20,1.12,3.64
Dewan Hernandez,2019-20,0.17,4.07
Dewayne Dedmon,2019-20,0.59,3.72
Dillon Brooks,2019-20,1.02,3.93
Dion Waiters,2019-20,0.66,3.39
Domantas Sabonis,2019-20,1.18,3.8
Donovan Mitchell,2019-20,1.08,3.59
Donta Hall,2019-20,0.51,4.15
Donte DiVincenzo,2019-20,0.86,4.05
Dorian Finney-Smith,2019-20,1.07,4.06
Doug McDermott,2019-20,0.71,4.11
Dragan Bender,2019-20,0.64,3.81
Draymond Green,2019-20,0.93,3.56
Drew Eubanks,2019-20,0.45,3.97
Duncan Robinson,2019-20,0.99,3.82
Dusty Hannahs,2019-20,0.21,3.22
Dwayne Bacon,2019-20,0.59,3.82
Dwight Howard,2019-20,0.64,3.78
Dwight Powell,2019-20,0.89,3.88
Dzanan Musa,2019-20,0.42,3.92
E'Twaun Moore,2019-20,0.65,3.96
Ed Davis,2019-20,0.37,3.92
Edmond Sumner,2019-20,0.54,4.09
Elfrid Payton,2019-20,0.96,3.91
Elie Okobo,2019-20,0.47,4.13
Emmanuel Mudiay,2019-20,0.53,3.91
Enes Freedom,2019-20,0.58,3.9
Eric Bledsoe,2019-20,0.98,3.84
Eric Gordon,2019-20,0.92,3.45
Eric Mika,2019-20,0.68,3.92
Eric Paschall,2019-20,0.98,4.0
Ersan Ilyasova,2019-20,0.55,3.92
Evan Fournier,2019-20,1.09,3.92
Evan Turner,2019-20,0.45,3.83
Frank Jackson,2019-20,0.49,3.94
Frank Kaminsky,2019-20,0.65,3.78
Frank Mason III,2019-20,0.46,3.88
Frank Ntilikina,2019-20,0.73,3.93
Fred VanVleet,2019-20,1.21,3.74
Furkan Korkmaz,2019-20,0.76,4.01
Gabe Vincent,2019-20,0.26,3.86
Garrett Temple,2019-20,0.94,3.86
Garrison Mathews,2019-20,0.49,4.14
Gary Clark,2019-20,0.48,3.92
Gary Harris,2019-20,1.07,3.93
Gary Payton II,2019-20,0.6,4.47
Gary Trent Jr.,2019-20,0.74,3.97
George Hill,2019-20,0.74,3.95
Georges Niang,2019-20,0.48,3.96
Giannis Antetokounmpo,2019-20,1.01,3.56
Glenn Robinson III,2019-20,1.08,4.18
Goga Bitadze,2019-20,0.29,3.88
Goran Dragic,2019-20,0.9,3.61
Gordon Hayward,2019-20,1.18,3.91
Gorgui Dieng,2019-20,0.57,3.71
Grant Williams,2019-20,0.54,4.01
Grayson Allen,2019-20,0.7,4.04
Hamidou Diallo,2019-20,0.69,4.08
Harrison Barnes,2019-20,1.21,3.89
Harry Giles III,2019-20,0.5,3.87
Hassan Whiteside,2019-20,0.97,3.75
Henry Ellenson,2019-20,0.11,4.1
Ian Mahinmi,2019-20,0.73,3.9
Ignas Brazdeikis,2019-20,0.19,3.86
Iman Shumpert,2019-20,0.68,4.01
Isaac Bonga,2019-20,0.71,4.14
Isaiah Hartenstein,2019-20,0.44,4.13
Isaiah Roby,2019-20,0.12,4.5
Isaiah Thomas,2019-20,0.67,3.36
Ish Smith,2019-20,0.92,3.81
Ivica Zubac,2019-20,0.64,3.84
J.J. Barea,2019-20,0.49,3.64
J.P. Macura,2019-20,0.02,0.0
JJ Redick,2019-20,0.95,3.91
JR Smith,2019-20,0.48,3.84
Ja Morant,2019-20,1.06,3.82
JaKarr Sampson,2019-20,0.5,4.14
JaMychal Green,2019-20,0.72,3.78
JaVale McGee,2019-20,0.58,3.91
Jabari Parker,2019-20,0.88,4.06
Jacob Evans,2019-20,0.53,4.14
Jae Crowder,2019-20,0.98,3.81
Jahlil Okafor,2019-20,0.55,3.86
Jake Layman,2019-20,0.8,4.0
Jakob Poeltl,2019-20,0.66,4.11
Jalen Brunson,2019-20,0.62,3.93
Jalen Lecque,2019-20,0.24,4.0
Jalen McDaniels,2019-20,0.66,4.12
Jamal Crawford,2019-20,0.17,4.27
Jamal Murray,2019-20,1.07,3.82
James Ennis III,2019-20,0.66,4.21
James Harden,2019-20,1.08,3.22
James Johnson,2019-20,0.65,3.7
Jared Dudley,2019-20,0.26,3.61
Jared Harper,2019-20,0.07,3.51
Jaren Jackson Jr.,2019-20,0.98,3.83
Jarred Vanderbilt,2019-20,0.13,3.94
Jarrell Brantley,2019-20,0.33,3.8
Jarrett Allen,2019-20,0.87,3.66
Jarrett Culver,2019-20,0.82,3.85
Jarrod Uthoff,2019-20,0.27,4.04
Javonte Green,2019-20,0.36,4.12
Jaxson Hayes,2019-20,0.62,3.89
Jaylen Brown,2019-20,1.18,3.86
Jaylen Hoard,2019-20,0.31,4.4
Jaylen Nowell,2019-20,0.36,4.0
Jayson Tatum,2019-20,1.12,3.63
Jeff Green,2019-20,0.66,3.68
Jeff Teague,2019-20,0.74,3.33
Jerami Grant,2019-20,0.88,3.8
Jeremiah Martin,2019-20,0.39,4.13
Jeremy Lamb,2019-20,0.97,3.94
Jeremy Pargo,2019-20,0.53,3.79
Jerian Grant,2019-20,0.46,3.77
Jerome Robinson,2019-20,0.58,4.15
Jevon Carter,2019-20,0.62,4.4
Jimmy Butler,2019-20,1.15,3.93
Joakim Noah,2019-20,0.33,3.76
Joe Chealey,2019-20,0.32,4.32
Joe Harris,2019-20,1.03,3.83
Joe Ingles,2019-20,1.01,3.89
Joel Embiid,2019-20,0.91,3.52
John Collins,2019-20,1.13,3.78
John Henson,2019-20,0.49,3.8
John Konchar,2019-20,0.33,4.12
Johnathan Motley,2019-20,0.11,3.72
Johnathan Williams,2019-20,0.42,3.95
Jonah Bolden,2019-20,0.23,4.29
Jonas Valanciunas,2019-20,0.87,3.73
Jonathan Isaac,2019-20,0.99,3.84
Jordan Bell,2019-20,0.3,3.94
Jordan Bone,2019-20,0.15,3.92
Jordan Clarkson,2019-20,0.83,4.0
Jordan McLaughlin,2019-20,0.7,4.08
Jordan McRae,2019-20,0.69,3.6
Jordan Poole,2019-20,0.72,3.61
Josh Gray,2019-20,0.44,4.26
Josh Hart,2019-20,0.98,3.91
Josh Jackson,2019-20,0.61,3.9
Josh Magette,2019-20,0.14,3.96
Josh Okogie,2019-20,0.94,4.18
Josh Reaves,2019-20,0.25,3.93
Josh Richardson,2019-20,1.06,3.99
Jrue Holiday,2019-20,1.2,3.72
Juan Toscano-Anderson,2019-20,0.75,4.09
Juancho Hernangomez,2019-20,0.62,4.16
Julius Randle,2019-20,1.03,3.61
Justin Anderson,2019-20,0.34,3.7
Justin Holiday,2019-20,0.88,3.94
Justin Jackson,2019-20,0.53,3.99
Justin James,2019-20,0.25,4.23
Justin Patton,2019-20,0.17,3.58
Justin Robinson,2019-20,0.15,3.55
Justin Wright-Foreman,2019-20,0.37,3.99
Justise Winslow,2019-20,1.05,3.74
Jusuf Nurkic,2019-20,1.07,3.87
Juwan Morgan,2019-20,0.22,3.98
KZ Okpala,2019-20,0.19,3.78
Kadeem Allen,2019-20,0.38,3.59
Karl-Anthony Towns,2019-20,1.11,3.65
Kawhi Leonard,2019-20,1.09,3.7
Keita Bates-Diop,2019-20,0.57,3.84
Kelan Martin,2019-20,0.58,3.98
Keldon Johnson,2019-20,0.66,4.04
Kelly Olynyk,2019-20,0.65,3.77
Kelly Oubre Jr.,2019-20,1.16,3.74
Kemba Walker,2019-20,1.03,3.7
Kendrick Nunn,2019-20,0.96,3.75
Kenrich Williams,2019-20,0.78,4.03
Kent Bazemore,2019-20,0.9,4.1
Kentavious Caldwell-Pope,2019-20,0.9,3.96
Kevin Hervey,2019-20,0.18,3.78
Kevin Huerter,2019-20,1.12,3.98
Kevin Knox II,2019-20,0.61,3.88
Kevin Love,2019-20,0.98,3.63
Kevin Porter Jr.,2019-20,0.82,4.1
Kevon Looney,2019-20,0.45,3.95
Khem Birch,2019-20,0.68,4.08
Khris Middleton,2019-20,1.05,3.78
Khyri Thomas,2019-20,0.26,4.13
Kostas Antetokounmpo,2019-20,0.13,3.73
Kris Dunn,2019-20,0.92,4.05
Kristaps Porzingis,2019-20,0.98,3.58
Ky Bowman,2019-20,0.85,4.28
Kyle Alexander,2019-20,0.28,4.93
Kyle Anderson,2019-20,0.69,3.91
Kyle Guy,2019-20,0.13,4.44
Kyle Korver,2019-20,0.61,4.06
Kyle Kuzma,2019-20,0.88,3.9
Kyle Lowry,2019-20,1.13,3.41
Kyle O'Quinn,2019-20,0.32,3.64
Kyrie Irving,2019-20,1.07,3.58
LaMarcus Aldridge,2019-20,1.06,3.68
Lance Thomas,2019-20,0.5,4.21
Landry Shamet,2019-20,1.02,4.09
Langston Galloway,2019-20,0.89,4.02
Larry Nance Jr.,2019-20,0.88,3.86
Lauri Markkanen,2019-20,1.03,3.8
LeBron James,2019-20,1.03,3.32
Lonnie Walker IV,2019-20,0.56,3.89
Lonzo Ball,2019-20,1.09,3.79
Lou Williams,2019-20,0.89,3.4
Louis King,2019-20,0.21,3.85
Luc Mbah a Moute,2019-20,0.29,3.63
Luguentz Dort,2019-20,0.85,4.2
Luka Doncic,2019-20,1.01,3.46
Luka Samanic,2019-20,0.62,3.96
Luke Kennard,2019-20,1.08,3.82
Luke Kornet,2019-20,0.53,3.85
Malcolm Brogdon,2019-20,0.98,3.59
Malcolm Miller,2019-20,0.22,4.29
Malik Beasley,2019-20,0.74,3.82
Malik Monk,2019-20,0.69,3.84
Malik Newman,2019-20,0.08,3.17
Marc Gasol,2019-20,0.83,3.44
Marco Belinelli,2019-20,0.54,3.84
Marcus Morris Sr.,2019-20,1.03,3.69
Marcus Smart,2019-20,1.05,3.62
Marial Shayok,2019-20,0.25,4.15
Mario Hezonja,2019-20,0.55,3.83
Markelle Fultz,2019-20,0.97,3.92
Markieff Morris,2019-20,0.66,3.64
Marko Guduric,2019-20,0.39,4.0
Marques Bolden,2019-20,0.11,3.32
Marquese Chriss,2019-20,0.71,3.84
Marvin Bagley III,2019-20,0.98,4.2
Marvin Williams,2019-20,0.65,3.88
Mason Plumlee,2019-20,0.6,3.88
Matisse Thybulle,2019-20,0.74,4.32
Matt Mooney,2019-20,0.2,4.5
Matt Thomas,2019-20,0.4,4.27
Matthew Dellavedova,2019-20,0.48,3.84
Maurice Harkless,2019-20,0.85,4.09
Max Strus,2019-20,0.14,4.19
Maxi Kleber,2019-20,0.82,3.71
Melvin Frazier Jr.,2019-20,0.23,3.95
Meyers Leonard,2019-20,0.63,3.68
Mfiondu Kabengele,2019-20,0.17,4.07
Michael Carter-Williams,2019-20,0.65,3.99
Michael Frazier II,2019-20,0.46,4.38
Michael Kidd-Gilchrist,2019-20,0.42,4.11
Michael Porter Jr.,2019-20,0.57,4.08
Mikal Bridges,2019-20,1.05,4.15
Mike Conley,2019-20,0.97,3.81
Mike Muscala,2019-20,0.41,3.81
Mike Scott,2019-20,0.61,4.0
Miles Bridges,2019-20,1.1,4.07
Mitchell Robinson,2019-20,0.81,3.93
Miye Oni,2019-20,0.39,4.26
Mo Bamba,2019-20,0.48,3.92
Monte Morris,2019-20,0.73,3.8
Montrezl Harrell,2019-20,0.89,3.5
Moritz Wagner,2019-20,0.66,3.87
Moses Brown,2019-20,0.13,4.17
Mychal Mulder,2019-20,0.98,3.77
Myles Turner,2019-20,0.97,3.75
Nassir Little,2019-20,0.43,4.27
Naz Mitrou-Long,2019-20,0.27,3.34
Naz Reid,2019-20,0.57,3.86
Nemanja Bjelica,2019-20,0.93,3.74
Nerlens Noel,2019-20,0.63,3.77
Nic Claxton,2019-20,0.41,4.02
Nickeil Alexander-Walker,2019-20,0.45,3.95
Nicolas Batum,2019-20,0.8,4.02
Nicolo Melli,2019-20,0.61,3.97
Nigel Williams-Goss,2019-20,0.15,3.93
Nikola Jokic,2019-20,0.99,3.58
Nikola Vucevic,2019-20,1.04,3.62
Noah Vonleh,2019-20,0.35,3.73
Norman Powell,2019-20,1.03,3.93
Norvel Pelle,2019-20,0.31,3.74
OG Anunoby,2019-20,1.1,4.04
Omari Spellman,2019-20,0.63,3.98
Oshae Brissett,2019-20,0.25,4.04
Otto Porter Jr.,2019-20,0.87,3.99
P.J. Dozier,2019-20,0.49,3.82
P.J. Tucker,2019-20,1.22,3.87
P.J. Washington,2019-20,1.03,3.87
Pascal Siakam,2019-20,1.21,3.78
Pat Connaughton,2019-20,0.69,4.1
Patrick Beverley,2019-20,0.93,3.9
Patrick McCaw,2019-20,0.89,4.0
Patrick Patterson,2019-20,0.43,3.75
Patty Mills,2019-20,0.82,4.0
Paul George,2019-20,0.99,3.7
Paul Millsap,2019-20,0.81,3.82
Paul Watson,2019-20,0.31,4.05
Quinn Cook,2019-20,0.34,4.12
Quinndary Weatherspoon,2019-20,0.27,4.1
RJ Barrett,2019-20,1.09,4.01
Rajon Rondo,2019-20,0.67,3.66
Raul Neto,2019-20,0.42,4.03
Rayjon Tucker,2019-20,0.27,4.14
Reggie Bullock,2019-20,0.81,3.92
Reggie Jackson,2019-20,0.79,3.68
Richaun Holmes,2019-20,0.98,3.83
Ricky Rubio,2019-20,1.03,3.7
Robert Covington,2019-20,1.02,3.67
Robert Williams III,2019-20,0.48,3.83
Robin Lopez,2019-20,0.48,3.85
Rodions Kurucs,2019-20,0.5,3.87
Rodney Hood,2019-20,1.02,3.99
Rodney McGruder,2019-20,0.59,4.14
Romeo Langford,2019-20,0.43,4.2
Rondae Hollis-Jefferson,2019-20,0.72,4.18
Royce O'Neale,2019-20,0.98,3.89
Rudy Gay,2019-20,0.73,3.8
Rudy Gobert,2019-20,1.14,3.78
Rui Hachimura,2019-20,1.1,4.08
Russell Westbrook,2019-20,1.19,3.52
Ryan Anderson,2019-20,0.08,5.54
Ryan Arcidiacono,2019-20,0.6,4.2
Ryan Broekhoff,2019-20,0.38,4.03
Sekou Doumbouya,2019-20,0.7,4.03
Semi Ojeleye,2019-20,0.5,3.85
Serge Ibaka,2019-20,0.89,3.64
Seth Curry,2019-20,0.78,3.74
Shabazz Napier,2019-20,0.76,3.65
Shai Gilgeous-Alexander,2019-20,1.16,3.77
Shake Milton,2019-20,0.68,3.99
Shamorie Ponds,2019-20,0.09,4.47
Shaquille Harrison,2019-20,0.43,4.29
Sindarius Thornwell,2019-20,0.63,4.17
Skal Labissiere,2019-20,0.6,3.99
Solomon Hill,2019-20,0.63,3.81
Spencer Dinwiddie,2019-20,0.97,3.48
Stanley Johnson,2019-20,0.21,3.95
Stanton Kidd,2019-20,0.14,4.74
Stephen Curry,2019-20,0.96,3.78
Sterling Brown,2019-20,0.55,4.19
Steven Adams,2019-20,0.89,3.73
Svi Mykhailiuk,2019-20,0.75,3.94
T.J. Leaf,2019-20,0.27,4.07
T.J. McConnell,2019-20,0.72,4.3
T.J. Warren,2019-20,1.2,4.13
Tacko Fall,2019-20,0.15,3.35
Taj Gibson,2019-20,0.56,3.88
Talen Horton-Tucker,2019-20,0.48,3.94
Tariq Owens,2019-20,0.19,4.21
Taurean Prince,2019-20,0.93,3.59
Terance Mann,2019-20,0.34,4.27
Terence Davis,2019-20,0.63,4.06
Terrance Ferguson,2019-20,0.83,4.21
Terrence Ross,2019-20,0.92,3.83
Terry Rozier,2019-20,1.19,3.98
Thabo Sefolosha,2019-20,0.37,3.96
Thaddeus Young,2019-20,0.86,3.89
Thanasis Antetokounmpo,2019-20,0.26,4.23
Theo Pinson,2019-20,0.4,3.91
Thomas Bryant,2019-20,0.84,3.76
Thon Maker,2019-20,0.46,4.11
Tim Frazier,2019-20,0.45,3.92
Tim Hardaway Jr.,2019-20,0.97,3.77
Timothe Luwawu-Cabarrot,2019-20,0.68,4.12
Tobias Harris,2019-20,1.12,3.78
Tomas Satoransky,2019-20,1.08,4.14
Tony Bradley,2019-20,0.4,4.09
Tony Snell,2019-20,0.87,3.71
Torrey Craig,2019-20,0.68,4.35
Trae Young,2019-20,1.14,3.58
Tremont Waters,2019-20,0.39,3.91
Treveon Graham,2019-20,0.61,4.07
Trevor Ariza,2019-20,0.94,3.79
Trey Burke,2019-20,0.55,4.07
Trey Lyles,2019-20,0.7,3.94
Tristan Thompson,2019-20,1.0,3.95
Troy Brown Jr.,2019-20,0.92,3.94
Troy Daniels,2019-20,0.34,4.01
Ty Jerome,2019-20,0.34,3.74
Tyler Cook,2019-20,0.13,3.78
Tyler Herro,2019-20,0.97,4.06
Tyler Johnson,2019-20,0.64,3.9
Tyler Zeller,2019-20,0.07,3.35
Tyrone Wallace,2019-20,0.42,4.08
Tyson Chandler,2019-20,0.28,3.92
Tyus Jones,2019-20,0.66,4.02
Udonis Haslem,2019-20,0.34,3.67
Vic Law,2019-20,0.31,3.98
Victor Oladipo,2019-20,0.97,3.95
Vince Carter,2019-20,0.46,3.64
Vincent Poirier,2019-20,0.22,4.2
Vlatko Cancar,2019-20,0.11,3.62
Wayne Ellington,2019-20,0.49,3.71
Wendell Carter Jr.,2019-20,1.02,3.84
Wenyen Gabriel,2019-20,0.29,3.96
Wes Iwundu,2019-20,0.66,4.08
Wesley Matthews,2019-20,0.9,3.96
Will Barton,2019-20,1.13,3.92
William Howard,2019-20,0.26,3.86
Willie Cauley-Stein,2019-20,0.74,4.07
Willy Hernangomez,2019-20,0.42,3.93
Wilson Chandler,2019-20,0.7,3.67
Yogi Ferrell,2019-20,0.37,3.93
Yuta Watanabe,2019-20,0.21,4.03
Zach Collins,2019-20,0.91,3.87
Zach LaVine,2019-20,1.24,3.94
Zach Norvell Jr.,2019-20,0.28,4.35
Zhaire Smith,2019-20,0.18,4.34
Zion Williamson,2019-20,1.01,3.95
Zylan Cheatham,2019-20,0.49,4.23
Aaron Gordon,2020-21,0.89,3.71
Aaron Holiday,2020-21,0.66,3.98
Aaron Nesmith,2020-21,0.54,4.15
Abdel Nader,2020-21,0.53,4.1
Adam Mokoka,2020-21,0.15,3.99
Al Horford,2020-21,0.85,3.57
Al-Farouq Aminu,2020-21,0.64,3.91
Alec Burks,2020-21,0.87,3.95
Alekesej Pokusevski,2020-21,0.81,3.86
Alen Smailagic,2020-21,0.2,4.12
Alex Caruso,2020-21,0.76,4.08
Alex Len,2020-21,0.55,3.94
Alfonzo McKinnie,2020-21,0.25,4.39
Alize Johnson,2020-21,0.39,4.24
Amida Brimah,2020-21,0.22,3.76
Amir Coffey,2020-21,0.3,3.88
Anderson Varejao,2020-21,0.25,4.23
Andre Drummond,2020-21,0.9,3.79
Andre Iguodala,2020-21,0.74,3.85
Andre Roberson,2020-21,0.47,4.19
Andrew Wiggins,2020-21,1.16,3.81
Anfernee Simons,2020-21,0.59,4.08
Anthony Davis,2020-21,1.03,3.61
Anthony Edwards,2020-21,1.05,3.7
Anthony Gill,2020-21,0.3,3.88
Anthony Lamb,2020-21,0.61,3.99
Anthony Tolliver,2020-21,0.31,3.77
Anzejs Pasecniks,2020-21,0.18,4.68
Armoni Brooks,2020-21,0.88,3.76
Aron Baynes,2020-21,0.64,3.87
Ashton Hagans,2020-21,0.1,5.19
Austin Rivers,2020-21,0.79,3.87
Avery Bradley,2020-21,0.83,4.11
Axel Toupane,2020-21,0.32,4.18
Bam Adebayo,2020-21,1.14,3.78
Ben McLemore,2020-21,0.63,4.25
Ben Simmons,2020-21,1.09,3.77
Bismack Biyombo,2020-21,0.7,3.84
Blake Griffin,2020-21,0.74,3.42
Boban Marjanovic,2020-21,0.28,3.81
Bobby Portis,2020-21,0.73,3.89
Bogdan Bogdanovic,2020-21,0.99,3.86
Bojan Bogdanovic,2020-21,1.03,3.82
Bol Bol,2020-21,0.17,4.23
Brad Wanamaker,2020-21,0.58,3.75
Bradley Beal,2020-21,1.23,3.8
Brandon Clarke,2020-21,0.86,4.05
Brandon Goodwin,2020-21,0.45,4.03
Brandon Ingram,2020-21,1.12,3.68
Brian Bowen II,2020-21,0.1,3.85
Brodric Thomas,2020-21,0.44,4.11
Brook Lopez,2020-21,0.91,3.62
Bruce Brown,2020-21,0.82,4.0
Bruno Caboclo,2020-21,0.22,3.66
Bruno Fernando,2020-21,0.23,3.92
Bryn Forbes,2020-21,0.69,3.88
Buddy Hield,2020-21,1.2,3.97
CJ Elleby,2020-21,0.23,4.08
CJ McCollum,2020-21,1.13,3.8
Caleb Martin,2020-21,0.6,4.18
Cam Reddish,2020-21,1.06,4.09
Cam Reynolds,2020-21,0.29,3.88
Cameron Johnson,2020-21,0.83,3.95
Cameron Oliver,2020-21,0.73,3.66
Cameron Payne,2020-21,0.61,3.89
Caris LeVert,2020-21,1.07,3.67
Carmelo Anthony,2020-21,0.71,3.46
Carsen Edwards,2020-21,0.32,3.96
Cassius Stanley,2020-21,0.15,3.95
Cassius Winston,2020-21,0.15,3.81
Cedi Osman,2020-21,0.86,3.88
Chandler Hutchison,2020-21,0.52,4.11
Charlie Brown Jr.,2020-21,0.57,4.29
Chasson Randle,2020-21,0.68,3.89
Chimezie Metu,2020-21,0.47,3.88
Chris Boucher,2020-21,0.88,3.96
Chris Chiozza,2020-21,0.37,3.78
Chris Paul,2020-21,0.91,3.27
Chris Silva,2020-21,0.24,4.32
Christian Wood,2020-21,1.05,3.7
Chuma Okeke,2020-21,0.88,4.01
Clint Capela,2020-21,1.02,3.85
Coby White,2020-21,1.07,3.89
Cody Martin,2020-21,0.63,4.28
Cody Zeller,2020-21,0.73,3.9
Cole Anthony,2020-21,0.95,4.05
Collin Sexton,2020-21,1.12,3.67
Cory Joseph,2020-21,0.83,4.11
Cristiano Felicio,2020-21,0.16,3.86
D'Angelo Russell,2020-21,0.92,3.58
D.J. Augustin,2020-21,0.64,3.66
D.J. Wilson,2020-21,0.45,4.04
DaQuan Jeffries,2020-21,0.57,3.9
Dakota Mathias,2020-21,0.52,3.97
Damian Jones,2020-21,0.49,4.06
Damian Lillard,2020-21,1.06,3.51
Damion Lee,2020-21,0.7,4.1
Damyean Dotson,2020-21,0.64,3.88
Daniel Gafford,2020-21,0.54,4.0
Daniel Oturu,2020-21,0.15,3.92
Daniel Theis,2020-21,0.83,3.85
Danilo Gallinari,2020-21,0.73,3.52
Danny Green,2020-21,1.07,4.32
Dante Exum,2020-21,0.6,4.24
Danuel House Jr.,2020-21,0.91,4.0
Dario Saric,2020-21,0.59,3.8
Darius Bazley,2020-21,1.05,3.9
Darius Garland,2020-21,1.15,3.99
Darius Miller,2020-21,0.36,3.59
David Nwaba,2020-21,0.82,4.1
Davis Bertans,2020-21,0.86,3.66
De'Aaron Fox,2020-21,1.17,3.75
De'Andre Hunter,2020-21,0.99,3.78
De'Anthony Melton,2020-21,0.72,3.98
DeAndre Jordan,2020-21,0.66,3.37
DeAndre' Bembry,2020-21,0.67,3.94
DeMar DeRozan,2020-21,1.07,3.69
DeMarcus Cousins,2020-21,0.52,3.6
Dean Wade,2020-21,0.66,3.99
Deandre Ayton,2020-21,0.98,3.65
Deividas Sirvydis,2020-21,0.23,4.14
Dejounte Murray,2020-21,1.12,4.05
Delon Wright,2020-21,0.96,4.09
Deni Avdija,2020-21,0.84,4.08
Dennis Schroder,2020-21,1.14,4.02
Dennis Smith Jr.,2020-21,0.64,4.02
Denzel Valentine,2020-21,0.59,3.99
Derrick Favors,2020-21,0.53,4.0
Derrick Jones Jr.,2020-21,0.79,4.12
Derrick Rose,2020-21,0.85,3.83
Derrick White,2020-21,0.99,3.83
Desmond Bane,2020-21,0.79,4.03
Devin Booker,2020-21,1.08,3.63
Devin Cannady,2020-21,0.35,4.17
Devin Vassell,2020-21,0.65,4.26
Devon Dotson,2020-21,0.17,4.19
Devontae Cacok,2020-21,0.18,4.17
Devonte' Graham,2020-21,0.99,3.7
Dewayne Dedmon,2020-21,0.46,3.96
Didi Louzada,2020-21,0.73,4.07
Dillon Brooks,2020-21,1.1,4.1
Domantas Sabonis,2020-21,1.26,3.85
Donovan Mitchell,2020-21,1.04,3.49
Donta Hall,2020-21,0.52,4.16
Donte DiVincenzo,2020-21,1.02,3.99
Dorian Finney-Smith,2020-21,1.1,4.04
Doug McDermott,2020-21,0.92,4.11
Draymond Green,2020-21,0.99,3.39
Drew Eubanks,2020-21,0.5,4.07
Duncan Robinson,2020-21,1.06,3.79
Dwayne Bacon,2020-21,0.85,3.85
Dwight Howard,2020-21,0.56,3.71
Dwight Powell,2020-21,0.57,3.93
Dylan Windler,2020-21,0.62,4.22
E'Twaun Moore,2020-21,0.52,4.04
Ed Davis,2020-21,0.43,3.9
Edmond Sumner,2020-21,0.62,4.1
Elfrid Payton,2020-21,0.81,4.06
Elijah Bryant,2020-21,1.13,3.57
Elijah Hughes,2020-21,0.12,3.91
Enes Freedom,2020-21,0.79,3.91
Eric Bledsoe,2020-21,0.99,3.73
Eric Gordon,2020-21,0.85,3.35
Eric Paschall,2020-21,0.62,3.92
Ersan Ilyasova,2020-21,0.29,3.91
Evan Fournier,2020-21,1.04,3.91
Facundo Campazzo,2020-21,0.78,4.09
Frank Jackson,2020-21,0.65,4.0
Frank Kaminsky,2020-21,0.5,3.8
Frank Mason III,2020-21,0.65,3.71
Frank Ntilikina,2020-21,0.35,4.02
Fred VanVleet,2020-21,1.23,3.71
Freddie Gillespie,2020-21,0.73,4.22
Furkan Korkmaz,2020-21,0.68,3.99
Gabe Vincent,2020-21,0.48,4.01
Gabriel Deck,2020-21,0.7,3.84
Garrett Temple,2020-21,0.96,3.97
Garrison Mathews,2020-21,0.61,4.17
Gary Clark,2020-21,0.58,4.04
Gary Harris,2020-21,0.98,4.15
Gary Payton II,2020-21,0.18,4.69
Gary Trent Jr.,2020-21,1.04,3.92
George Hill,2020-21,0.75,3.85
Georges Niang,2020-21,0.56,3.9
Giannis Antetokounmpo,2020-21,1.08,3.53
Glenn Robinson III,2020-21,0.62,4.26
Goga Bitadze,2020-21,0.45,3.92
Goran Dragic,2020-21,0.89,3.74
Gordon Hayward,2020-21,1.18,3.88
Gorgui Dieng,2020-21,0.49,3.85
Grant Riller,2020-21,0.13,3.57
Grant Williams,2020-21,0.64,3.94
Grayson Allen,2020-21,0.91,4.04
Greg Whittington,2020-21,0.1,3.91
Hamidou Diallo,2020-21,0.84,4.0
Harrison Barnes,2020-21,1.26,3.91
Harry Giles III,2020-21,0.32,4.04
Hassan Whiteside,2020-21,0.51,3.76
Henry Ellenson,2020-21,0.73,4.44
Ignas Brazdeikis,2020-21,0.64,3.93
Iman Shumpert,2020-21,0.2,4.18
Immanuel Quickley,2020-21,0.68,4.03
Isaac Bonga,2020-21,0.41,4.12
Isaac Okoro,2020-21,1.15,4.1
Isaiah Hartenstein,2020-21,0.44,4.02
Isaiah Joe,2020-21,0.34,4.13
Isaiah Roby,2020-21,0.8,3.89
Isaiah Stewart,2020-21,0.77,4.07
Isaiah Thomas,2020-21,0.52,3.24
Ish Smith,2020-21,0.77,3.95
Ivica Zubac,2020-21,0.75,3.87
JJ Redick,2020-21,0.59,4.0
Ja Morant,2020-21,1.1,3.77
JaKarr Sampson,2020-21,0.42,4.08
JaMychal Green,2020-21,0.64,3.86
JaVale McGee,2020-21,0.48,3.78
Jabari Parker,2020-21,0.44,3.93
Jaden McDaniels,2020-21,0.89,4.16
Jae Crowder,2020-21,0.9,3.71
Jae'Sean Tate,2020-21,0.99,3.85
Jahlil Okafor,2020-21,0.44,4.0
Jahmi'us Ramsey,2020-21,0.26,4.16
Jake Layman,2020-21,0.49,3.94
Jakob Poeltl,2020-21,0.95,4.1
Jalen Brunson,2020-21,0.85,3.96
Jalen Harris,2020-21,0.47,3.92
Jalen Lecque,2020-21,0.1,3.71
Jalen McDaniels,2020-21,0.69,4.02
Jalen Smith,2020-21,0.21,4.03
Jamal Murray,2020-21,1.19,3.88
James Ennis III,2020-21,0.88,4.18
James Harden,2020-21,1.04,3.2
James Johnson,2020-21,0.7,3.81
James Nunnally,2020-21,0.16,4.05
James Wiseman,2020-21,0.79,4.1
Jared Dudley,2020-21,0.2,3.71
Jared Harper,2020-21,0.08,4.01
Jaren Jackson Jr.,2020-21,0.85,3.82
Jarred Vanderbilt,2020-21,0.67,4.17
Jarrell Brantley,2020-21,0.17,3.94
Jarrett Allen,2020-21,0.95,3.7
Jarrett Culver,2020-21,0.54,4.06
Javonte Green,2020-21,0.43,4.19
Jaxson Hayes,2020-21,0.57,3.92
Jay Scrubb,2020-21,0.54,4.17
Jaylen Adams,2020-21,0.08,4.36
Jaylen Brown,2020-21,1.18,3.81
Jaylen Hoard,2020-21,0.6,4.16
Jaylen Nowell,2020-21,0.67,4.05
Jayson Tatum,2020-21,1.14,3.61
Jeff Green,2020-21,0.88,3.59
Jeff Teague,2020-21,0.55,3.61
Jerami Grant,2020-21,1.05,3.67
Jeremiah Martin,2020-21,0.32,4.39
Jeremy Lamb,2020-21,0.75,3.9
Jerome Robinson,2020-21,0.69,4.18
Jevon Carter,2020-21,0.45,4.26
Jimmy Butler,2020-21,1.17,3.91
Joe Harris,2020-21,1.04,3.75
Joe Ingles,2020-21,0.92,3.74
Joel Embiid,2020-21,0.98,3.57
John Collins,2020-21,1.02,3.93
John Konchar,2020-21,0.51,4.29
John Wall,2020-21,0.98,3.43
Jonas Valanciunas,2020-21,0.94,3.79
Jontay Porter,2020-21,0.16,3.62
Jordan Bell,2020-21,0.47,3.98
Jordan Bone,2020-21,0.47,3.89
Jordan Clarkson,2020-21,0.93,3.96
Jordan McLaughlin,2020-21,0.67,4.08
Jordan Nwora,2020-21,0.33,3.88
Jordan Poole,2020-21,0.64,3.72
Josh Green,2020-21,0.44,4.35
Josh Hall,2020-21,0.52,3.96
Josh Hart,2020-21,1.03,3.99
Josh Jackson,2020-21,0.87,3.97
Josh Okogie,2020-21,0.77,4.24
Josh Richardson,2020-21,1.04,4.03
Jrue Holiday,2020-21,1.15,3.85
Juan Toscano-Anderson,2020-21,0.78,4.04
Juancho Hernangomez,2020-21,0.64,4.09
Julius Randle,2020-21,1.17,3.61
Justin Holiday,2020-21,1.1,3.95
Justin Jackson,2020-21,0.58,3.89
Justin James,2020-21,0.33,4.25
Justin Patton,2020-21,0.67,3.94
Justin Robinson,2020-21,0.34,3.99
Justise Winslow,2020-21,0.69,4.01
Jusuf Nurkic,2020-21,0.8,3.81
Juwan Morgan,2020-21,0.17,3.86
KZ Okpala,2020-21,0.45,4.1
Karim Mane,2020-21,0.33,4.26
Karl-Anthony Towns,2020-21,1.09,3.61
Kawhi Leonard,2020-21,1.12,3.8
Keita Bates-Diop,2020-21,0.29,4.05
Kelan Martin,2020-21,0.35,3.83
Keldon Johnson,2020-21,0.98,4.0
Keljin Blevins,2020-21,0.17,4.44
Kelly Olynyk,2020-21,0.98,3.87
Kelly Oubre Jr.,2020-21,1.16,4.13
Kemba Walker,2020-21,1.04,3.66
Kendrick Nunn,2020-21,0.98,3.74
Kenrich Williams,2020-21,0.79,4.1
Kent Bazemore,2020-21,0.75,4.12
Kentavious Caldwell-Pope,2020-21,1.01,4.05
Kenyon Martin Jr.,2020-21,0.83,3.9
Kevin Durant,2020-21,1.05,3.48
Kevin Huerter,2020-21,1.06,3.92
Kevin Knox II,2020-21,0.39,4.01
Kevin Love,2020-21,0.75,3.51
Kevin Porter Jr.,2020-21,1.09,3.84
Kevon Looney,2020-21,0.66,3.82
Khem Birch,2020-21,0.82,4.08
Khris Middleton,2020-21,1.16,3.77
Khyri Thomas,2020-21,1.11,3.95
Killian Hayes,2020-21,0.87,3.9
Killian Tillie,2020-21,0.37,4.02
Kira Lewis Jr.,2020-21,0.6,3.99
Kostas Antetokounmpo,2020-21,0.12,3.92
Kris Dunn,2020-21,0.43,4.21
Kristaps Porzingis,2020-21,0.94,3.62
Kyle Anderson,2020-21,0.95,3.89
Kyle Guy,2020-21,0.29,4.21
Kyle Kuzma,2020-21,1.03,4.07
Kyle Lowry,2020-21,1.11,3.46
Kyrie Irving,2020-21,1.14,3.6
LaMarcus Aldridge,2020-21,0.84,3.72
LaMelo Ball,2020-21,1.06,4.06
Lamar Stevens,2020-21,0.46,4.07
Landry Shamet,2020-21,0.81,3.9
Langston Galloway,2020-21,0.39,4.15
Larry Nance Jr.,2020-21,1.03,3.86
Lauri Markkanen,2020-21,0.87,3.82
LeBron James,2020-21,0.98,3.29
Lonnie Walker IV,2020-21,0.86,3.93
Lonzo Ball,2020-21,1.09,3.85
Lou Williams,2020-21,0.67,3.51
Louis King,2020-21,0.51,4.21
Luguentz Dort,2020-21,1.0,3.84
Luka Doncic,2020-21,0.99,3.38
Luka Samanic,2020-21,0.34,4.08
Luke Kennard,2020-21,0.65,3.88
Luke Kornet,2020-21,0.37,3.74
Malachi Flynn,2020-21,0.7,3.99
Malcolm Brogdon,2020-21,1.14,3.65
Malik Beasley,2020-21,1.1,3.81
Malik Fitts,2020-21,0.13,4.67
Malik Monk,2020-21,0.7,3.72
Mamadi Diakite,2020-21,0.38,3.88
Marc Gasol,2020-21,0.6,3.59
Marcus Morris Sr.,2020-21,0.86,3.69
Marcus Smart,2020-21,1.07,3.62
Markelle Fultz,2020-21,0.98,4.0
Markieff Morris,2020-21,0.64,3.71
Markus Howard,2020-21,0.19,3.97
Marques Bolden,2020-21,0.17,3.85
Marquese Chriss,2020-21,0.46,3.72
Marvin Bagley III,2020-21,0.95,4.17
Mason Jones,2020-21,0.36,4.04
Mason Plumlee,2020-21,0.88,3.95
Matisse Thybulle,2020-21,0.75,4.21
Matt Thomas,2020-21,0.27,4.18
Matthew Dellavedova,2020-21,0.56,3.71
Maurice Harkless,2020-21,0.75,4.05
Max Strus,2020-21,0.46,3.98
Maxi Kleber,2020-21,0.84,3.74
Meyers Leonard,2020-21,0.3,3.58
Mfiondu Kabengele,2020-21,0.25,3.99
Michael Carter-Williams,2020-21,0.88,3.88
Michael Porter Jr.,2020-21,1.07,3.96
Mikal Bridges,2020-21,1.19,4.15
Mike Conley,2020-21,1.0,3.81
Mike James,2020-21,0.62,3.85
Mike Muscala,2020-21,0.63,3.84
Mike Scott,2020-21,0.56,3.87
Miles Bridges,2020-21,1.05,3.95
Mitchell Robinson,2020-21,0.9,3.96
Miye Oni,2020-21,0.37,4.25
Mo Bamba,2020-21,0.53,3.97
Monte Morris,2020-21,0.83,3.74
Montrezl Harrell,2020-21,0.78,3.84
Moritz Wagner,2020-21,0.54,3.83
Moses Brown,2020-21,0.71,3.93
Mychal Mulder,2020-21,0.49,4.13
Myles Turner,2020-21,1.08,3.83
Naji Marshall,2020-21,0.81,4.03
Nassir Little,2020-21,0.45,4.04
Nate Darling,2020-21,0.13,4.0
Nate Hinton,2020-21,0.15,3.95
Nathan Knight,2020-21,0.29,3.93
Naz Reid,2020-21,0.67,3.87
Nemanja Bjelica,2020-21,0.53,3.86
Nerlens Noel,2020-21,0.84,4.01
Nic Claxton,2020-21,0.69,4.01
Nick Richards,2020-21,0.13,4.24
Nickeil Alexander-Walker,2020-21,0.79,4.0
Nico Mannion,2020-21,0.44,4.2
Nicolas Batum,2020-21,0.95,3.98
Nicolo Melli,2020-21,0.43,4.03
Nikola Jokic,2020-21,1.07,3.58
Nikola Vucevic,2020-21,1.04,3.61
Noah Vonleh,2020-21,0.09,3.19
Norman Powell,2020-21,1.11,3.85
Norvel Pelle,2020-21,0.22,3.87
OG Anunoby,2020-21,1.19,3.93
Obi Toppin,2020-21,0.4,4.1
Onyeka Okongwu,2020-21,0.43,4.13
Oshae Brissett,2020-21,0.91,3.94
Otto Porter Jr.,2020-21,0.77,3.98
P.J. Dozier,2020-21,0.73,3.84
P.J. Tucker,2020-21,0.91,3.97
P.J. Washington,2020-21,1.02,3.8
Pascal Siakam,2020-21,1.21,3.73
Pat Connaughton,2020-21,0.83,3.96
Patrick Beverley,2020-21,0.76,3.97
Patrick McCaw,2020-21,0.25,3.89
Patrick Patterson,2020-21,0.49,3.82
Patrick Williams,2020-21,1.0,4.12
Patty Mills,2020-21,0.87,4.0
Paul George,2020-21,1.1,3.7
Paul Millsap,2020-21,0.68,3.79
Paul Reed,2020-21,0.25,3.98
Paul Watson,2020-21,0.43,4.22
Payton Pritchard,2020-21,0.68,4.03
Precious Achiuwa,2020-21,0.44,4.13
Quinn Cook,2020-21,0.23,4.11
Quinndary Weatherspoon,2020-21,0.23,3.98
R.J. Hampton,2020-21,0.63,4.11
RJ Barrett,2020-21,1.22,4.07
Rajon Rondo,2020-21,0.54,3.61
Raul Neto,2020-21,0.78,3.99
Ray Spalding,2020-21,0.41,4.58
Rayjon Tucker,2020-21,0.18,4.01
Reggie Bullock,2020-21,1.02,3.95
Reggie Jackson,2020-21,0.76,3.78
Reggie Perry,2020-21,0.28,3.83
Richaun Holmes,2020-21,0.96,3.75
Ricky Rubio,2020-21,0.87,3.73
Robert Covington,2020-21,0.99,3.64
Robert Franks,2020-21,0.52,4.11
Robert Williams III,2020-21,0.65,3.86
Robert Woodard II,2020-21,0.13,3.72
Robin Lopez,2020-21,0.65,3.84
Rodions Kurucs,2020-21,0.22,3.91
Rodney Hood,2020-21,0.56,3.84
Rodney McGruder,2020-21,0.45,4.07
Romeo Langford,2020-21,0.57,4.09
Rondae Hollis-Jefferson,2020-21,0.37,4.24
Royce O'Neale,2020-21,1.09,3.92
Rudy Gay,2020-21,0.71,3.78
Rudy Gobert,2020-21,1.04,3.78
Rui Hachimura,2020-21,1.13,3.97
Russell Westbrook,2020-21,1.17,3.5
Ryan Arcidiacono,2020-21,0.38,4.17
Saben Lee,2020-21,0.61,4.32
Saddiq Bey,2020-21,0.9,3.86
Sam Merrill,2020-21,0.27,3.74
Sean McDermott,2020-21,0.31,4.17
Sekou Doumbouya,2020-21,0.54,3.94
Semi Ojeleye,2020-21,0.57,3.92
Serge Ibaka,2020-21,0.73,3.72
Seth Curry,2020-21,0.94,3.76
Shai Gilgeous-Alexander,2020-21,1.07,3.62
Shake Milton,2020-21,0.77,3.82
Shaquille Harrison,2020-21,0.35,4.15
Sindarius Thornwell,2020-21,0.35,4.16
Skylar Mays,2020-21,0.27,3.96
Solomon Hill,2020-21,0.72,3.91
Spencer Dinwiddie,2020-21,0.8,3.86
Stanley Johnson,2020-21,0.61,4.03
Stephen Curry,2020-21,1.16,3.65
Sterling Brown,2020-21,0.88,4.16
Steven Adams,2020-21,0.95,3.9
Svi Mykhailiuk,2020-21,0.71,3.98
T.J. Leaf,2020-21,0.19,4.25
T.J. McConnell,2020-21,1.05,4.32
T.J. Warren,2020-21,1.11,4.18
Tacko Fall,2020-21,0.24,3.82
Taj Gibson,2020-21,0.72,3.96
Talen Horton-Tucker,2020-21,0.7,3.91
Taurean Prince,2020-21,0.74,3.75
Terance Mann,2020-21,0.7,4.23
Terence Davis,2020-21,0.64,3.99
Terrance Ferguson,2020-21,0.13,4.02
Terrence Ross,2020-21,0.99,3.85
Terry Rozier,2020-21,1.25,4.06
Thaddeus Young,2020-21,0.82,3.84
Thanasis Antetokounmpo,2020-21,0.36,4.11
Theo Maledon,2020-21,0.93,3.89
Theo Pinson,2020-21,0.07,3.54
Thomas Bryant,2020-21,0.96,3.82
Thon Maker,2020-21,0.36,4.37
Tim Frazier,2020-21,0.44,3.95
Tim Hardaway Jr.,2020-21,0.92,3.75
Timothe Luwawu-Cabarrot,2020-21,0.66,4.02
Tobias Harris,2020-21,1.06,3.74
Tomas Satoransky,2020-21,0.82,4.1
Tony Bradley,2020-21,0.55,3.89
Tony Snell,2020-21,0.7,3.81
Torrey Craig,2020-21,0.59,4.17
Trae Young,2020-21,1.06,3.58
Tre Jones,2020-21,0.26,4.17
Tremont Waters,2020-21,0.33,3.85
Trent Forrest,2020-21,0.36,4.17
Trevor Ariza,2020-21,0.99,3.94
Trey Burke,2020-21,0.54,4.15
Trey Lyles,2020-21,0.52,3.95
Tristan Thompson,2020-21,0.83,3.96
Troy Brown Jr.,2020-21,0.56,4.11
Ty Jerome,2020-21,0.78,3.66
Ty-Shon Alexander,2020-21,0.1,3.73
Tyler Bey,2020-21,0.14,4.24
Tyler Cook,2020-21,0.45,3.89
Tyler Herro,2020-21,1.1,4.06
Tyler Johnson,2020-21,0.61,3.87
Tyrell Terry,2020-21,0.19,4.03
Tyrese Haliburton,2020-21,1.05,3.9
Tyrese Maxey,2020-21,0.55,4.16
Tyus Jones,2020-21,0.62,4.02
Udoka Azubuike,2020-21,0.11,3.71
Udonis Haslem,2020-21,0.1,3.4
Vernon Carey Jr.,2020-21,0.22,3.85
Victor Oladipo,2020-21,1.12,3.91
Vincent Poirier,2020-21,0.14,4.31
Vlatko Cancar,2020-21,0.23,3.99
Wayne Ellington,2020-21,0.69,3.82
Wendell Carter Jr.,2020-21,0.85,3.83
Wenyen Gabriel,2020-21,0.41,3.86
Wes Iwundu,2020-21,0.5,4.19
Wesley Matthews,2020-21,0.69,3.96
Will Barton,2020-21,1.04,3.89
Will Magnay,2020-21,0.03,0.0
Willie Cauley-Stein,2020-21,0.59,4.02
Willy Hernangomez,2020-21,0.64,3.99
Xavier Tillman Sr.,2020-21,0.67,4.02
Yogi Ferrell,2020-21,0.41,3.86
Yuta Watanabe,2020-21,0.54,4.19
Zach LaVine,2020-21,1.22,3.93
Zeke Nnaji,2020-21,0.34,4.1
Zion Williamson,2020-21,1.2,4.0
Aaron Gordon,2021-22,1.04,3.81
Aaron Henry,2021-22,0.11,3.91
Aaron Holiday,2021-22,0.57,4.09
Aaron Nesmith,2021-22,0.4,4.12
Aaron Wiggins,2021-22,0.92,4.24
Abdel Nader,2021-22,0.4,4.27
Ade Murkey,2021-22,0.04,0.0
Admiral Schofield,2021-22,0.44,4.08
Ahmad Caver,2021-22,0.04,0.0
Al Horford,2021-22,0.93,3.67
Alec Burks,2021-22,0.97,3.9
Aleem Ford,2021-22,0.53,4.14
Alekesej Pokusevski,2021-22,0.68,3.82
Alex Caruso,2021-22,1.0,3.94
Alex Len,2021-22,0.55,3.78
Alfonzo McKinnie,2021-22,0.45,4.12
Alize Johnson,2021-22,0.27,4.1
Alperen Sengun,2021-22,0.7,3.86
Amir Coffey,2021-22,0.77,3.85
Andre Drummond,2021-22,0.65,3.84
Andre Iguodala,2021-22,0.65,3.71
Andrew Wiggins,2021-22,1.08,3.74
Anfernee Simons,2021-22,1.01,3.88
Anthony Davis,2021-22,1.13,3.61
Anthony Edwards,2021-22,1.11,3.63
Anthony Gill,2021-22,0.37,3.98
Anthony Lamb,2021-22,0.16,4.2
Armoni Brooks,2021-22,0.54,3.96
Arnoldas Kulboka,2021-22,0.09,4.18
Austin Reaves,2021-22,0.85,4.12
Austin Rivers,2021-22,0.75,3.92
Avery Bradley,2021-22,0.84,4.2
Ayo Dosunmu,2021-22,0.98,4.06
BJ Johnson,2021-22,0.56,4.0
Bam Adebayo,2021-22,1.09,3.72
Ben McLemore,2021-22,0.72,4.02
Bismack Biyombo,2021-22,0.49,3.89
Blake Griffin,2021-22,0.55,3.66
Boban Marjanovic,2021-22,0.19,3.88
Bobby Portis,2021-22,1.02,3.91
Bogdan Bogdanovic,2021-22,0.97,3.75
Bojan Bogdanovic,2021-22,1.05,3.81
Bol Bol,2021-22,0.18,3.99
Bones Hyland,2021-22,0.63,3.82
Brad Wanamaker,2021-22,0.47,3.73
Bradley Beal,2021-22,1.16,3.74
Brandon Boston,2021-22,0.53,3.95
Brandon Clarke,2021-22,0.71,4.11
Brandon Goodwin,2021-22,0.48,3.98
Brandon Ingram,2021-22,1.04,3.46
Brandon Knight,2021-22,0.42,3.6
Brandon Williams,2021-22,0.94,3.94
Braxton Key,2021-22,0.66,4.06
Brodric Thomas,2021-22,0.17,4.3
Brook Lopez,2021-22,0.77,3.76
Bruce Brown,2021-22,0.87,4.0
Bruno Fernando,2021-22,0.17,3.77
Bryn Forbes,2021-22,0.57,3.81
Buddy Hield,2021-22,1.11,3.99
CJ Elleby,2021-22,0.74,4.08
CJ McCollum,2021-22,1.14,3.71
CJ Miles,2021-22,0.06,6.16
Cade Cunningham,2021-22,1.09,3.73
Caleb Martin,2021-22,0.89,4.32
Cam Reddish,2021-22,0.75,4.08
Cam Thomas,2021-22,0.59,3.84
Cameron Johnson,2021-22,0.88,3.79
Cameron McGriff,2021-22,0.57,4.04
Cameron Oliver,2021-22,0.76,3.71
Cameron Payne,2021-22,0.75,3.73
Caris LeVert,2021-22,1.0,3.68
Carlik Jones,2021-22,0.17,4.13
Carmelo Anthony,2021-22,0.84,3.58
Carsen Edwards,2021-22,0.65,3.69
Cassius Stanley,2021-22,0.65,4.2
Cassius Winston,2021-22,0.15,3.73
Cat Barber,2021-22,0.16,4.06
Cedi Osman,2021-22,0.75,3.93
Chandler Hutchison,2021-22,0.11,3.93
Charles Bassey,2021-22,0.25,3.97
Charlie Brown Jr.,2021-22,0.33,4.68
Chaundee Brown Jr.,2021-22,0.76,3.87
Cheick Diallo,2021-22,0.38,4.15
Chimezie Metu,2021-22,0.74,3.75
Chris Boucher,2021-22,0.75,4.01
Chris Chiozza,2021-22,0.39,3.87
Chris Duarte,2021-22,1.03,4.14
Chris Paul,2021-22,0.96,3.21
Chris Silva,2021-22,0.33,4.14
Christian Wood,2021-22,0.99,3.66
Chuma Okeke,2021-22,0.88,3.97
Clint Capela,2021-22,0.92,3.79
Coby White,2021-22,0.92,3.83
Cody Martin,2021-22,0.98,4.11
Cody Zeller,2021-22,0.48,4.09
Cole Anthony,2021-22,1.08,3.8
Collin Sexton,2021-22,0.89,3.74
Corey Kispert,2021-22,0.82,3.99
Cory Joseph,2021-22,0.89,4.1
Craig Sword,2021-22,0.23,3.89
D'Angelo Russell,2021-22,1.01,3.56
D.J. Augustin,2021-22,0.52,3.73
D.J. Wilson,2021-22,0.49,3.96
DaQuan Jeffries,2021-22,0.06,3.86
Daishen Nix,2021-22,0.39,3.94
Dakota Mathias,2021-22,0.08,3.86
Dalano Banton,2021-22,0.42,4.32
Damian Jones,2021-22,0.64,3.86
Damian Lillard,2021-22,1.12,3.46
Damion Lee,2021-22,0.71,3.99
Damyean Dotson,2021-22,0.31,3.67
Daniel Gafford,2021-22,0.7,4.01
Daniel Oturu,2021-22,0.32,3.83
Daniel Theis,2021-22,0.7,3.82
Danilo Gallinari,2021-22,0.76,3.52
Danny Green,2021-22,0.82,4.25
Danuel House Jr.,2021-22,0.63,4.15
Darius Bazley,2021-22,0.96,3.93
Darius Garland,2021-22,1.13,3.66
Darren Collison,2021-22,0.48,4.51
David Duke Jr.,2021-22,0.58,4.2
David Johnson,2021-22,0.04,7.9
David Nwaba,2021-22,0.48,4.0
Davion Mitchell,2021-22,0.97,3.92
Davis Bertans,2021-22,0.49,3.81
Davon Reed,2021-22,0.49,3.96
Day'Ron Sharpe,2021-22,0.43,3.98
De'Aaron Fox,2021-22,1.2,3.74
De'Andre Hunter,2021-22,1.0,3.78
De'Anthony Melton,2021-22,0.79,3.91
DeAndre Jordan,2021-22,0.42,3.78
DeAndre' Bembry,2021-22,0.68,4.1
DeJon Jarreau,2021-22,0.05,9.15
DeMar DeRozan,2021-22,1.11,3.5
DeMarcus Cousins,2021-22,0.48,3.67
Dean Wade,2021-22,0.68,4.11
Deandre Ayton,2021-22,0.96,3.63
Deividas Sirvydis,2021-22,0.37,4.68
Dejounte Murray,2021-22,1.23,3.87
Delon Wright,2021-22,0.66,4.04
Deni Avdija,2021-22,0.83,3.91
Dennis Schroder,2021-22,1.0,3.93
Dennis Smith Jr.,2021-22,0.61,3.9
Denzel Valentine,2021-22,0.31,3.95
Derrick Favors,2021-22,0.54,3.8
Derrick Jones Jr.,2021-22,0.63,4.01
Derrick Rose,2021-22,0.86,3.94
Derrick Walton Jr.,2021-22,1.33,4.25
Derrick White,2021-22,0.97,3.69
Desmond Bane,2021-22,1.02,3.9
Devin Booker,2021-22,1.12,3.63
Devin Cannady,2021-22,1.04,4.13
Devin Vassell,2021-22,1.0,3.96
Devon Dotson,2021-22,0.29,4.1
Devontae Cacok,2021-22,0.3,4.04
Devonte' Graham,2021-22,0.94,3.74
Dewayne Dedmon,2021-22,0.52,3.78
Didi Louzada,2021-22,0.5,3.9
Dillon Brooks,2021-22,1.02,4.0
Domantas Sabonis,2021-22,1.19,3.94
Donovan Mitchell,2021-22,1.02,3.37
Donte DiVincenzo,2021-22,0.84,3.88
Dorian Finney-Smith,2021-22,1.13,4.02
Doug McDermott,2021-22,0.88,4.0
Draymond Green,2021-22,0.92,3.48
Drew Eubanks,2021-22,0.62,3.93
Duane Washington Jr.,2021-22,0.74,3.95
Duncan Robinson,2021-22,0.85,3.73
Dwight Howard,2021-22,0.54,3.82
Dwight Powell,2021-22,0.76,4.11
Dylan Windler,2021-22,0.33,4.14
Ed Davis,2021-22,0.22,3.93
Elfrid Payton,2021-22,0.39,4.02
Elijah Hughes,2021-22,0.41,3.84
Emanuel Terry,2021-22,0.22,4.29
Emmanuel Mudiay,2021-22,0.24,3.82
Enes Freedom,2021-22,0.37,3.63
Eric Bledsoe,2021-22,0.8,3.57
Eric Gordon,2021-22,0.87,3.33
Eric Paschall,2021-22,0.45,4.03
Eugene Omoruyi,2021-22,0.15,3.71
Evan Fournier,2021-22,1.01,3.99
Evan Mobley,2021-22,1.13,3.85
Facundo Campazzo,2021-22,0.62,3.87
Feron Hunt,2021-22,0.15,4.06
Frank Jackson,2021-22,0.78,3.98
Frank Kaminsky,2021-22,0.68,3.8
Frank Ntilikina,2021-22,0.41,3.97
Franz Wagner,2021-22,1.09,3.98
Fred VanVleet,2021-22,1.23,3.69
Freddie Gillespie,2021-22,0.49,4.21
Furkan Korkmaz,2021-22,0.73,3.92
Gabe Vincent,2021-22,0.8,3.85
Gabe York,2021-22,0.44,3.98
Gabriel Deck,2021-22,0.28,3.97
Gabriel Lundberg,2021-22,0.4,3.86
Garrett Temple,2021-22,0.66,3.97
Garrison Mathews,2021-22,0.92,3.95
Gary Clark,2021-22,0.34,3.85
Gary Harris,2021-22,1.07,4.21
Gary Payton II,2021-22,0.72,4.45
Gary Trent Jr.,2021-22,1.15,3.73
George Hill,2021-22,0.81,3.87
George King,2021-22,0.18,4.11
Georges Niang,2021-22,0.79,3.89
Georgios Kalaitzakis,2021-22,0.55,3.92
Giannis Antetokounmpo,2021-22,1.06,3.45
Goga Bitadze,2021-22,0.52,3.94
Goran Dragic,2021-22,0.81,3.77
Gordon Hayward,2021-22,1.1,3.78
Gorgui Dieng,2021-22,0.28,3.69
Grant Williams,2021-22,0.84,3.96
Grayson Allen,2021-22,1.0,4.01
Greg Brown III,2021-22,0.5,4.07
Greg Monroe,2021-22,0.49,3.85
Hamidou Diallo,2021-22,0.78,4.05
Harrison Barnes,2021-22,1.18,3.91
Hassan Whiteside,2021-22,0.6,3.82
Hassani Gravett,2021-22,0.75,3.97
Haywood Highsmith,2021-22,0.33,4.2
Herbert Jones,2021-22,1.06,3.97
Ignas Brazdeikis,2021-22,0.45,3.99
Immanuel Quickley,2021-22,0.81,3.95
Isaac Bonga,2021-22,0.18,4.46
Isaac Okoro,2021-22,1.07,4.13
Isaiah Hartenstein,2021-22,0.65,4.08
Isaiah Jackson,2021-22,0.55,3.99
Isaiah Joe,2021-22,0.42,4.23
Isaiah Livers,2021-22,0.73,4.09
Isaiah Roby,2021-22,0.68,3.77
Isaiah Stewart,2021-22,0.87,3.84
Isaiah Thomas,2021-22,0.51,3.72
Isaiah Todd,2021-22,0.22,3.88
Ish Smith,2021-22,0.59,3.87
Ish Wainright,2021-22,0.29,4.09
Ivica Zubac,2021-22,0.82,3.86
JT Thor,2021-22,0.28,4.02
Ja Morant,2021-22,1.09,3.77
JaMychal Green,2021-22,0.55,3.91
JaQuori McLaughlin,2021-22,0.1,3.95
JaVale McGee,2021-22,0.51,3.69
Jabari Parker,2021-22,0.33,3.79
Jaden McDaniels,2021-22,0.99,4.2
Jaden Springer,2021-22,0.09,3.99
Jae Crowder,2021-22,0.93,3.67
Jae'Sean Tate,2021-22,0.91,3.88
Jahmi'us Ramsey,2021-22,0.26,3.99
Jaime Echenique,2021-22,0.09,4.25
Jake Layman,2021-22,0.25,3.91
Jakob Poeltl,2021-22,1.06,4.01
Jalen Brunson,2021-22,1.03,3.8
Jalen Green,2021-22,1.08,3.84
Jalen Johnson,2021-22,0.2,4.03
Jalen McDaniels,2021-22,0.59,4.01
Jalen Smith,2021-22,0.64,4.0
Jalen Suggs,2021-22,0.94,3.84
James Bouknight,2021-22,0.38,4.08
James Ennis III,2021-22,0.29,3.85
James Harden,2021-22,1.06,3.25
James Johnson,2021-22,0.64,3.76
Jamorko Pickett,2021-22,0.49,4.09
Jared Butler,2021-22,0.28,3.67
Jared Harper,2021-22,0.27,3.59
Jaren Jackson Jr.,2021-22,0.93,3.88
Jarred Vanderbilt,2021-22,0.96,4.24
Jarrett Allen,2021-22,1.03,3.73
Jarrett Culver,2021-22,0.32,3.91
Jarron Cumberland,2021-22,0.14,3.41
Javin DeLaurier,2021-22,0.13,3.92
Javonte Green,2021-22,0.85,4.15
Javonte Smart,2021-22,0.42,3.99
Jaxson Hayes,2021-22,0.69,3.88
Jay Huff,2021-22,0.19,4.03
Jay Scrubb,2021-22,0.27,4.06
Jaylen Brown,2021-22,1.1,3.74
Jaylen Hoard,2021-22,1.2,4.15
Jaylen Morris,2021-22,0.19,4.02
Jaylen Nowell,2021-22,0.58,3.95
Jaysean Paige,2021-22,0.25,5.08
Jayson Tatum,2021-22,1.11,3.51
Jeff Dowtin,2021-22,0.41,3.91
Jeff Green,2021-22,0.79,3.74
Jemerrio Jones,2021-22,0.27,3.52
Jerami Grant,2021-22,1.01,3.57
Jeremiah Robinson-Earl,2021-22,0.79,3.97
Jeremy Lamb,2021-22,0.55,3.77
Jericho Sims,2021-22,0.47,3.95
Jevon Carter,2021-22,0.54,4.26
Jimmy Butler,2021-22,1.15,3.81
Jock Landale,2021-22,0.39,3.92
Joe Harris,2021-22,1.04,3.97
Joe Ingles,2021-22,0.84,3.8
Joe Johnson,2021-22,0.06,6.15
Joe Wieskamp,2021-22,0.26,4.04
Joel Ayayi,2021-22,0.11,4.07
Joel Embiid,2021-22,1.05,3.55
John Collins,2021-22,1.05,3.84
John Konchar,2021-22,0.66,4.18
Jon Teske,2021-22,0.06,3.72
Jonas Valanciunas,2021-22,0.98,3.72
Jonathan Kuminga,2021-22,0.61,3.97
Jordan Bell,2021-22,0.08,5.81
Jordan Clarkson,2021-22,0.9,3.8
Jordan Goodwin,2021-22,0.1,4.06
Jordan McLaughlin,2021-22,0.55,4.05
Jordan Nwora,2021-22,0.7,4.0
Jordan Poole,2021-22,0.96,3.56
Jordan Schakel,2021-22,0.29,4.2
Jose Alvarado,2021-22,0.61,4.33
Josh Christopher,2021-22,0.65,4.02
Josh Giddey,2021-22,1.08,3.88
Josh Green,2021-22,0.62,4.55
Josh Hart,2021-22,1.13,3.82
Josh Jackson,2021-22,0.56,3.85
Josh Okogie,2021-22,0.42,4.26
Josh Richardson,2021-22,0.85,3.84
Joshua Primo,2021-22,0.71,4.03
Jrue Holiday,2021-22,1.16,3.8
Juan Toscano-Anderson,2021-22,0.49,3.91
Juancho Hernangomez,2021-22,0.41,4.17
Julius Randle,2021-22,1.09,3.59
Justin Anderson,2021-22,0.68,3.84
Justin Champagnie,2021-22,0.3,4.45
Justin Holiday,2021-22,0.94,3.81
Justin Jackson,2021-22,0.15,3.53
Justin Robinson,2021-22,0.47,4.24
Justise Winslow,2021-22,0.58,3.96
Jusuf Nurkic,2021-22,0.94,3.77
Juwan Morgan,2021-22,0.56,3.62
KZ Okpala,2021-22,0.41,4.04
Kai Jones,2021-22,0.11,4.01
Karl-Anthony Towns,2021-22,1.11,3.71
Keifer Sykes,2021-22,0.65,4.03
Keita Bates-Diop,2021-22,0.6,4.02
Kelan Martin,2021-22,0.54,4.03
Keldon Johnson,2021-22,1.1,3.78
Keljin Blevins,2021-22,0.42,4.13
Kelly Olynyk,2021-22,0.62,3.64
Kelly Oubre Jr.,2021-22,0.93,3.87
Kemba Walker,2021-22,0.82,3.75
Kenrich Williams,2021-22,0.78,3.92
Kent Bazemore,2021-22,0.56,4.42
Kentavious Caldwell-Pope,2021-22,0.99,3.78
Kenyon Martin Jr.,2021-22,0.72,3.87
Keon Johnson,2021-22,0.68,3.9
Kessler Edwards,2021-22,0.73,4.1
Kevin Durant,2021-22,1.16,3.43
Kevin Huerter,2021-22,1.0,3.86
Kevin Knox II,2021-22,0.27,4.11
Kevin Love,2021-22,0.71,3.66
Kevin Pangos,2021-22,0.24,4.37
Kevin Porter Jr.,2021-22,1.05,3.85
Kevon Looney,2021-22,0.74,3.88
Khem Birch,2021-22,0.62,4.0
Khris Middleton,2021-22,1.1,3.63
Killian Hayes,2021-22,0.88,3.94
Killian Tillie,2021-22,0.46,4.15
Kira Lewis Jr.,2021-22,0.53,4.2
Klay Thompson,2021-22,1.01,3.77
Kris Dunn,2021-22,0.9,4.04
Kristaps Porzingis,2021-22,0.92,3.67
Kyle Anderson,2021-22,0.74,3.89
Kyle Guy,2021-22,0.34,4.12
Kyle Kuzma,2021-22,1.1,3.78
Kyle Lowry,2021-22,1.03,3.4
Kyrie Irving,2021-22,1.18,3.53
LaMarcus Aldridge,2021-22,0.74,3.8
LaMelo Ball,2021-22,1.15,3.95
Lamar Stevens,2021-22,0.58,4.08
Lance Stephenson,2021-22,0.56,3.46
Landry Shamet,2021-22,0.74,4.01
Langston Galloway,2021-22,0.55,3.92
Larry Nance Jr.,2021-22,0.78,3.88
Lauri Markkanen,2021-22,1.02,3.8
LeBron James,2021-22,1.1,3.3
Leandro Bolmaro,2021-22,0.27,4.3
Lindell Wigginton,2021-22,0.38,4.02
Lindy Waters III,2021-22,0.65,3.98
Lonnie Walker IV,2021-22,0.78,3.71
Lonzo Ball,2021-22,1.2,3.81
Lou Williams,2021-22,0.43,3.5
Louis King,2021-22,0.39,4.05
Luguentz Dort,2021-22,1.1,3.77
Luka Doncic,2021-22,1.01,3.34
Luka Garza,2021-22,0.45,4.2
Luke Kennard,2021-22,0.89,3.68
Luke Kornet,2021-22,0.22,3.96
M.J. Walker,2021-22,0.16,4.03
Mac McClung,2021-22,0.42,3.72
Malachi Flynn,2021-22,0.44,4.06
Malcolm Brogdon,2021-22,1.08,3.59
Malcolm Hill,2021-22,0.42,4.09
Malik Beasley,2021-22,0.85,3.74
Malik Fitts,2021-22,0.14,3.91
Malik Monk,2021-22,0.97,3.84
Malik Newman,2021-22,0.22,2.76
Mamadi Diakite,2021-22,0.5,3.97
Marcus Garrett,2021-22,0.41,4.48
Marcus Morris Sr.,2021-22,0.9,3.57
Marcus Smart,2021-22,1.02,3.57
Markelle Fultz,2021-22,0.71,4.0
Markieff Morris,2021-22,0.59,3.74
Marko Simonovic,2021-22,0.15,4.17
Markus Howard,2021-22,0.2,3.96
Marquese Chriss,2021-22,0.36,3.97
Marvin Bagley III,2021-22,0.88,4.14
Mason Jones,2021-22,0.45,3.88
Mason Plumlee,2021-22,0.86,3.92
Matisse Thybulle,2021-22,0.97,4.28
Matt Mooney,2021-22,0.09,5.5
Matt Ryan,2021-22,0.18,4.34
Matt Thomas,2021-22,0.42,4.16
Maurice Harkless,2021-22,0.64,3.96
Max Strus,2021-22,0.8,3.87
Maxi Kleber,2021-22,0.77,3.67
McKinley Wright IV,2021-22,0.14,4.15
Melvin Frazier Jr.,2021-22,1.32,3.89
Micah Potter,2021-22,0.43,4.67
Michael Porter Jr.,2021-22,1.05,3.98
Mikal Bridges,2021-22,1.28,4.09
Mike Conley,2021-22,0.95,3.76
Mike Muscala,2021-22,0.48,3.78
Miles Bridges,2021-22,1.22,3.79
Miles McBride,2021-22,0.35,4.32
Mitchell Robinson,2021-22,0.87,3.92
Miye Oni,2021-22,0.1,4.18
Mo Bamba,2021-22,0.88,3.88
Monte Morris,2021-22,0.95,3.69
Montrezl Harrell,2021-22,0.75,3.69
Moritz Wagner,2021-22,0.52,3.79
Moses Brown,2021-22,0.3,4.07
Moses Moody,2021-22,0.38,3.78
Moses Wright,2021-22,0.12,4.22
Mychal Mulder,2021-22,0.5,3.87
Myles Powell,2021-22,0.19,4.34
Myles Turner,2021-22,1.0,3.81
Naji Marshall,2021-22,0.49,4.12
Nassir Little,2021-22,0.9,3.95
Nate Hinton,2021-22,0.06,3.42
Nathan Knight,2021-22,0.25,3.73
Naz Reid,2021-22,0.57,3.92
Neemias Queta,2021-22,0.29,3.9
Nemanja Bjelica,2021-22,0.54,3.76
Nerlens Noel,2021-22,0.76,3.86
Nic Claxton,2021-22,0.75,3.99
Nick Richards,2021-22,0.27,4.21
Nickeil Alexander-Walker,2021-22,0.79,3.95
Nicolas Batum,2021-22,0.88,4.02
Nik Stauskas,2021-22,0.16,3.99
Nikola Jokic,2021-22,1.05,3.61
Nikola Vucevic,2021-22,1.05,3.62
Norman Powell,2021-22,1.1,3.78
Norvel Pelle,2021-22,0.19,4.17
OG Anunoby,2021-22,1.22,3.84
Obi Toppin,2021-22,0.63,4.06
Olivier Sarr,2021-22,0.67,4.0
Omer Yurtseven,2021-22,0.44,3.96
Onyeka Okongwu,2021-22,0.71,3.97
Oshae Brissett,2021-22,0.84,3.98
Otto Porter Jr.,2021-22,0.76,3.83
P.J. Dozier,2021-22,0.64,3.8
P.J. Tucker,2021-22,0.97,3.95
P.J. Washington,2021-22,0.94,3.77
Paris Bass,2021-22,0.19,4.22
Pascal Siakam,2021-22,1.22,3.67
Pat Connaughton,2021-22,0.92,3.88
Patrick Beverley,2021-22,0.82,3.67
Patrick Williams,2021-22,0.92,4.09
Patty Mills,2021-22,1.04,4.06
Paul George,2021-22,1.12,3.59
Paul Millsap,2021-22,0.39,3.91
Paul Reed,2021-22,0.29,4.08
Paul Watson,2021-22,0.63,4.01
Payton Pritchard,2021-22,0.48,4.01
Petr Cornelie,2021-22,0.11,4.03
Precious Achiuwa,2021-22,0.83,4.0
Quentin Grimes,2021-22,0.61,3.94
Quinndary Weatherspoon,2021-22,0.24,4.02
R.J. Hampton,2021-22,0.78,4.04
RJ Barrett,2021-22,1.21,3.99
RJ Nembhard Jr.,2021-22,0.15,3.91
Rajon Rondo,2021-22,0.58,3.75
Raul Neto,2021-22,0.66,3.86
Rayjon Tucker,2021-22,0.54,4.19
Reggie Bullock,2021-22,0.97,4.04
Reggie Jackson,2021-22,1.0,3.65
Reggie Perry,2021-22,0.64,3.78
Richaun Holmes,2021-22,0.8,3.74
Ricky Rubio,2021-22,0.91,3.69
Rob Edwards,2021-22,0.18,4.15
Robert Covington,2021-22,0.89,3.64
Robert Williams III,2021-22,0.97,3.79
Robert Woodard II,2021-22,0.13,3.7
Robin Lopez,2021-22,0.56,3.78
Rodney Hood,2021-22,0.46,3.76
Rodney McGruder,2021-22,0.55,4.12
Romeo Langford,2021-22,0.59,4.12
Royce O'Neale,2021-22,1.07,3.84
Rudy Gay,2021-22,0.63,3.77
Rudy Gobert,2021-22,1.09,3.82
Rui Hachimura,2021-22,0.74,3.78
Russell Westbrook,2021-22,1.1,3.55
Ryan Arcidiacono,2021-22,0.28,4.23
Saben Lee,2021-22,0.6,4.13
Saddiq Bey,2021-22,1.11,3.81
Sam Dekker,2021-22,0.03,0.0
Sam Hauser,2021-22,0.2,4.04
Sam Merrill,2021-22,0.35,4.06
Sandro Mamukelashvili,2021-22,0.35,4.08
Santi Aldama,2021-22,0.41,4.23
Scottie Barnes,2021-22,1.27,4.02
Scottie Lewis,2021-22,0.12,3.28
Scotty Hopson,2021-22,0.65,3.95
Sekou Doumbouya,2021-22,0.32,3.74
Semi Ojeleye,2021-22,0.48,3.94
Serge Ibaka,2021-22,0.53,3.67
Seth Curry,2021-22,1.04,3.68
Shai Gilgeous-Alexander,2021-22,1.07,3.5
Shake Milton,2021-22,0.72,3.87
Shaq Buchanan,2021-22,0.18,4.42
Shaquille Harrison,2021-22,0.46,4.31
Sharife Cooper,2021-22,0.11,4.21
Skylar Mays,2021-22,0.27,3.85
Solomon Hill,2021-22,0.36,3.76
Spencer Dinwiddie,2021-22,0.89,3.48
Stanley Johnson,2021-22,0.81,3.96
Stephen Curry,2021-22,1.1,3.5
Sterling Brown,2021-22,0.47,4.25
Steven Adams,2021-22,0.87,3.83
Svi Mykhailiuk,2021-22,0.48,4.17
T.J. McConnell,2021-22,0.91,4.25
Tacko Fall,2021-22,0.16,3.5
Taj Gibson,2021-22,0.63,3.88
Talen Horton-Tucker,2021-22,0.85,3.82
Taurean Prince,2021-22,0.59,3.82
Terance Mann,2021-22,1.03,4.06
Terence Davis,2021-22,0.64,3.91
Terrence Ross,2021-22,0.77,3.75
Terry Rozier,2021-22,1.22,4.05
Terry Taylor,2021-22,0.8,4.11
Thaddeus Young,2021-22,0.55,3.87
Thanasis Antetokounmpo,2021-22,0.36,4.16
Theo Maledon,2021-22,0.62,3.92
Theo Pinson,2021-22,0.26,3.83
Thomas Bryant,2021-22,0.53,3.73
Tim Frazier,2021-22,0.61,3.97
Tim Hardaway Jr.,2021-22,0.96,3.72
Timothe Luwawu-Cabarrot,2021-22,0.48,4.13
Tobias Harris,2021-22,1.14,3.76
Tomas Satoransky,2021-22,0.61,4.13
Tony Bradley,2021-22,0.36,3.94
Tony Snell,2021-22,0.52,3.76
Torrey Craig,2021-22,0.75,4.16
Trae Young,2021-22,1.06,3.46
Trayvon Palmer,2021-22,0.69,4.1
Tre Jones,2021-22,0.63,4.16
Tre Mann,2021-22,0.78,3.95
Tremont Waters,2021-22,0.57,3.43
Trendon Watford,2021-22,0.62,3.77
Trent Forrest,2021-22,0.46,4.21
Trevelin Queen,2021-22,0.27,3.96
Trevon Scott,2021-22,0.18,4.42
Trevor Ariza,2021-22,0.66,3.91
Trey Burke,2021-22,0.37,4.06
Trey Lyles,2021-22,0.69,3.77
Trey Murphy III,2021-22,0.51,4.16
Tristan Thompson,2021-22,0.55,4.01
Troy Brown Jr.,2021-22,0.59,4.25
Ty Jerome,2021-22,0.54,3.63
Tyler Cook,2021-22,0.35,4.09
Tyler Hall,2021-22,0.07,5.49
Tyler Herro,2021-22,1.13,3.92
Tyler Johnson,2021-22,0.53,4.02
Tyrell Terry,2021-22,0.05,3.65
Tyrese Haliburton,2021-22,1.23,3.89
Tyrese Maxey,2021-22,1.24,4.06
Tyrone Wallace,2021-22,0.43,4.01
Tyus Jones,2021-22,0.74,3.94
Udoka Azubuike,2021-22,0.38,3.87
Udonis Haslem,2021-22,0.19,3.44
Usman Garuba,2021-22,0.36,3.9
Vernon Carey Jr.,2021-22,0.24,3.99
Victor Oladipo,2021-22,0.74,3.64
Vit Krejci,2021-22,0.75,3.84
Vlatko Cancar,2021-22,0.4,3.78
Wayne Ellington,2021-22,0.67,3.97
Wayne Selden,2021-22,0.26,4.41
Wendell Carter Jr.,2021-22,0.97,3.62
Wenyen Gabriel,2021-22,0.51,3.91
Wes Iwundu,2021-22,0.99,4.07
Wesley Matthews,2021-22,0.76,3.84
Will Barton,2021-22,1.07,3.86
Willie Cauley-Stein,2021-22,0.32,4.08
Willy Hernangomez,2021-22,0.59,3.94
Xavier Moon,2021-22,0.5,3.91
Xavier Sneed,2021-22,0.15,3.69
Xavier Tillman Sr.,2021-22,0.48,4.05
Yuta Watanabe,2021-22,0.44,4.14
Yves Pons,2021-22,0.22,4.11
Zach Collins,2021-22,0.61,3.8
Zach LaVine,2021-22,1.17,3.82
Zavier Simpson,2021-22,1.39,3.77
Zeke Nnaji,2021-22,0.61,4.07
Ziaire Williams,2021-22,0.75,4.01
Zylan Cheatham,2021-22,0.23,3.66
