PLAYER_NAME,Season,REB_CONTEST_PCT,AVG_REB_DIST
Aaron Gordon,2018-19,0.333,6.5
Aaron Holiday,2018-19,0.104,9.5
Abdel Nader,2018-19,0.211,8.5
Al Horford,2018-19,0.384,6.4
Al-Farouq Aminu,2018-19,0.33,5.6
Alan Williams,2018-19,0.474,6.0
Alec Burks,2018-19,0.255,5.6
Alex Abrines,2018-19,0.146,10.8
Alex Caruso,2018-19,0.269,10.2
Alex Len,2018-19,0.493,4.8
Alex Poythress,2018-19,0.342,5.4
Alfonzo McKinnie,2018-19,0.393,5.1
Alize Johnson,2018-19,0.316,3.4
Allen Crabbe,2018-19,0.236,7.7
Allonzo Trier,2018-19,0.144,8.9
Amile Jefferson,2018-19,0.571,5.7
Amir Johnson,2018-19,0.585,4.2
Andre Drummond,2018-19,0.485,4.0
Andre Iguodala,2018-19,0.29,9.1
Andre Ingram,2018-19,0.5,5.2
Andrew Bogut,2018-19,0.273,3.3
Andrew Harrison,2018-19,0.15,9.8
Andrew Wiggins,2018-19,0.327,7.7
Anfernee Simons,2018-19,0.231,7.5
Angel Delgado,2018-19,0.5,1.3
Ante Zizic,2018-19,0.456,4.6
Anthony Davis,2018-19,0.457,4.9
Anthony Tolliver,2018-19,0.226,7.1
Antonio Blakeney,2018-19,0.179,7.2
Aron Baynes,2018-19,0.496,4.7
Austin Rivers,2018-19,0.241,8.1
Avery Bradley,2018-19,0.211,9.8
BJ Johnson,2018-19,0.25,4.8
Bam Adebayo,2018-19,0.419,5.7
Ben McLemore,2018-19,0.176,9.2
Ben Simmons,2018-19,0.283,7.4
Billy Garrett,2018-19,0.0,6.4
Bismack Biyombo,2018-19,0.445,5.3
Blake Griffin,2018-19,0.368,5.7
Boban Marjanovic,2018-19,0.555,4.0
Bobby Portis,2018-19,0.404,5.5
Bogdan Bogdanovic,2018-19,0.267,8.2
Bojan Bogdanovic,2018-19,0.198,7.3
Bonzie Colson,2018-19,0.367,5.3
Brad Wanamaker,2018-19,0.22,8.4
Bradley Beal,2018-19,0.276,8.6
Brandon Goodwin,2018-19,0.333,8.3
Brandon Ingram,2018-19,0.281,7.3
Brandon Knight,2018-19,0.254,8.0
Brandon Sampson,2018-19,0.125,9.2
Brook Lopez,2018-19,0.424,7.0
Bruce Brown,2018-19,0.227,6.8
Bruno Caboclo,2018-19,0.354,6.6
Bryn Forbes,2018-19,0.151,8.5
Buddy Hield,2018-19,0.209,8.4
C.J. Williams,2018-19,0.0,9.2
CJ McCollum,2018-19,0.17,9.5
CJ Miles,2018-19,0.274,9.3
Caleb Swanigan,2018-19,0.453,4.8
Cam Reynolds,2018-19,0.226,9.6
Cameron Payne,2018-19,0.069,9.8
Caris LeVert,2018-19,0.252,8.2
Carmelo Anthony,2018-19,0.389,5.6
Cedi Osman,2018-19,0.171,7.4
Chandler Hutchison,2018-19,0.238,6.6
Chandler Parsons,2018-19,0.071,7.5
Channing Frye,2018-19,0.269,6.9
Chasson Randle,2018-19,0.167,9.8
Cheick Diallo,2018-19,0.367,4.9
Chimezie Metu,2018-19,0.306,5.6
Chris Boucher,2018-19,0.429,5.1
Chris Chiozza,2018-19,0.0,11.2
Chris Paul,2018-19,0.204,8.8
Christian Wood,2018-19,0.41,4.2
Clint Capela,2018-19,0.443,5.3
Cody Zeller,2018-19,0.429,5.3
Collin Sexton,2018-19,0.233,10.0
Corey Brewer,2018-19,0.289,7.5
Cory Joseph,2018-19,0.179,9.1
Courtney Lee,2018-19,0.204,9.3
Cristiano Felicio,2018-19,0.44,4.2
D'Angelo Russell,2018-19,0.168,8.6
D.J. Augustin,2018-19,0.129,11.4
D.J. Wilson,2018-19,0.306,5.1
DJ Stephens,2018-19,0.0,0.0
Dairis Bertans,2018-19,0.222,17.2
Damian Jones,2018-19,0.32,6.4
Damian Lillard,2018-19,0.181,9.3
Damion Lee,2018-19,0.156,7.8
Damyean Dotson,2018-19,0.17,9.0
Daniel Hamilton,2018-19,0.319,5.0
Daniel Theis,2018-19,0.489,5.7
Danilo Gallinari,2018-19,0.223,5.8
Danny Green,2018-19,0.271,7.4
Dante Cunningham,2018-19,0.287,6.6
Dante Exum,2018-19,0.212,9.4
Danuel House Jr.,2018-19,0.229,8.2
Dario Saric,2018-19,0.422,5.9
Darius Miller,2018-19,0.258,11.0
Darren Collison,2018-19,0.086,11.0
Daryl Macon,2018-19,0.167,8.0
David Nwaba,2018-19,0.319,6.9
Davis Bertans,2018-19,0.246,6.6
Davon Reed,2018-19,0.5,6.1
De'Aaron Fox,2018-19,0.174,9.2
De'Anthony Melton,2018-19,0.336,6.9
DeAndre Jordan,2018-19,0.356,4.6
DeAndre' Bembry,2018-19,0.257,8.0
DeMar DeRozan,2018-19,0.19,7.4
DeMarcus Cousins,2018-19,0.34,4.5
DeMarre Carroll,2018-19,0.218,6.9
DeVaughn Akoon-Purcell,2018-19,0.0,15.4
Deandre Ayton,2018-19,0.438,4.8
Delon Wright,2018-19,0.248,7.6
Demetrius Jackson,2018-19,0.0,8.9
Deng Adel,2018-19,0.211,8.9
Dennis Schroder,2018-19,0.089,10.3
Dennis Smith Jr.,2018-19,0.213,8.6
Deonte Burton,2018-19,0.393,7.9
Derrick Favors,2018-19,0.489,4.6
Derrick Jones Jr.,2018-19,0.429,6.7
Derrick Rose,2018-19,0.164,10.2
Derrick White,2018-19,0.166,7.4
Devin Booker,2018-19,0.166,9.2
Devin Harris,2018-19,0.188,9.9
Devin Robinson,2018-19,0.4,5.5
Devonte' Graham,2018-19,0.27,8.6
Dewayne Dedmon,2018-19,0.406,5.2
Deyonta Davis,2018-19,0.444,5.5
Dillon Brooks,2018-19,0.323,5.8
Dion Waiters,2018-19,0.164,10.0
Dirk Nowitzki,2018-19,0.304,4.7
Domantas Sabonis,2018-19,0.419,4.1
Donatas Motiejunas,2018-19,0.333,5.9
Donovan Mitchell,2018-19,0.229,9.2
Donte DiVincenzo,2018-19,0.292,7.7
Donte Grantham,2018-19,0.0,0.0
Dorian Finney-Smith,2018-19,0.422,6.1
Doug McDermott,2018-19,0.312,8.4
Dragan Bender,2018-19,0.377,4.6
Draymond Green,2018-19,0.356,5.4
Drew Eubanks,2018-19,0.441,4.1
Duncan Robinson,2018-19,0.158,9.0
Dusty Hannahs,2018-19,0.0,6.2
Dwayne Bacon,2018-19,0.292,7.6
Dwight Howard,2018-19,0.41,3.7
Dwight Powell,2018-19,0.343,6.5
Dwyane Wade,2018-19,0.239,7.7
Dzanan Musa,2018-19,0.6,6.3
E'Twaun Moore,2018-19,0.307,10.9
Ed Davis,2018-19,0.422,4.6
Edmond Sumner,2018-19,0.375,8.5
Ekpe Udoh,2018-19,0.411,5.1
Elfrid Payton,2018-19,0.205,8.5
Elie Okobo,2018-19,0.143,10.3
Emanuel Terry,2018-19,0.714,4.2
Emmanuel Mudiay,2018-19,0.175,9.7
Enes Freedom,2018-19,0.513,4.1
Eric Bledsoe,2018-19,0.229,9.3
Eric Gordon,2018-19,0.169,10.2
Eric Moreland,2018-19,0.35,4.3
Ersan Ilyasova,2018-19,0.437,5.4
Evan Fournier,2018-19,0.226,9.3
Evan Turner,2018-19,0.189,5.9
Frank Jackson,2018-19,0.231,8.0
Frank Kaminsky,2018-19,0.429,5.2
Frank Mason III,2018-19,0.163,9.3
Frank Ntilikina,2018-19,0.119,11.6
Fred VanVleet,2018-19,0.162,10.6
Furkan Korkmaz,2018-19,0.15,7.6
Garrett Temple,2018-19,0.245,9.2
Gary Clark,2018-19,0.319,7.4
Gary Harris,2018-19,0.225,11.2
Gary Payton II,2018-19,0.5,2.5
Gary Trent Jr.,2018-19,0.091,8.0
George Hill,2018-19,0.25,8.5
George King,2018-19,0.0,11.6
Georges Niang,2018-19,0.195,8.0
Gerald Green,2018-19,0.148,8.6
Giannis Antetokounmpo,2018-19,0.34,5.0
Glenn Robinson III,2018-19,0.268,7.3
Goran Dragic,2018-19,0.144,9.7
Gordon Hayward,2018-19,0.211,7.7
Gorgui Dieng,2018-19,0.347,5.5
Grayson Allen,2018-19,0.174,11.6
Greg Monroe,2018-19,0.477,4.6
Guerschon Yabusele,2018-19,0.434,7.2
Hamidou Diallo,2018-19,0.381,7.2
Harrison Barnes,2018-19,0.26,7.0
Harry Giles III,2018-19,0.45,4.8
Hassan Whiteside,2018-19,0.483,4.1
Haywood Highsmith,2018-19,0.2,7.0
Henry Ellenson,2018-19,0.258,4.4
Ian Clark,2018-19,0.157,10.5
Ian Mahinmi,2018-19,0.438,5.7
Ike Anigbogu,2018-19,0.667,4.7
Iman Shumpert,2018-19,0.202,8.1
Isaac Bonga,2018-19,0.36,7.6
Isaac Humphries,2018-19,0.182,4.8
Isaiah Briscoe,2018-19,0.149,8.6
Isaiah Canaan,2018-19,0.155,10.5
Isaiah Hartenstein,2018-19,0.596,6.4
Isaiah Hicks,2018-19,0.286,5.3
Isaiah Thomas,2018-19,0.231,13.0
Ish Smith,2018-19,0.186,9.3
Ivan Rabb,2018-19,0.515,5.0
Ivica Zubac,2018-19,0.517,4.2
J.J. Barea,2018-19,0.063,10.0
J.P. Macura,2018-19,0.0,5.8
JJ Redick,2018-19,0.125,11.1
JR Smith,2018-19,0.167,7.3
JaKarr Sampson,2018-19,0.25,4.9
JaMychal Green,2018-19,0.374,5.1
JaVale McGee,2018-19,0.473,4.4
Jabari Parker,2018-19,0.34,6.2
Jacob Evans,2018-19,0.36,8.6
Jae Crowder,2018-19,0.2,7.5
Jahlil Okafor,2018-19,0.428,5.0
Jake Layman,2018-19,0.309,7.1
Jakob Poeltl,2018-19,0.539,5.0
Jalen Brunson,2018-19,0.195,9.3
Jalen Jones,2018-19,0.265,4.4
Jamal Crawford,2018-19,0.106,11.8
Jamal Murray,2018-19,0.233,9.4
James Ennis III,2018-19,0.286,6.4
James Harden,2018-19,0.237,7.4
James Johnson,2018-19,0.273,6.6
James Nunnally,2018-19,0.2,5.6
Jared Dudley,2018-19,0.303,6.4
Jared Terrell,2018-19,0.0,10.3
Jarell Martin,2018-19,0.329,5.0
Jaren Jackson Jr.,2018-19,0.515,6.1
Jaron Blossomgame,2018-19,0.296,4.7
Jarred Vanderbilt,2018-19,0.478,4.3
Jarrett Allen,2018-19,0.393,4.7
Jason Smith,2018-19,0.365,5.3
Jawun Evans,2018-19,0.167,7.9
Jaylen Adams,2018-19,0.1,10.1
Jaylen Brown,2018-19,0.249,6.8
Jaylen Morris,2018-19,0.4,10.1
Jayson Tatum,2018-19,0.212,6.9
Jeff Green,2018-19,0.32,7.3
Jeff Teague,2018-19,0.123,10.6
Jemerrio Jones,2018-19,0.306,6.9
Jerami Grant,2018-19,0.328,7.6
Jeremy Lamb,2018-19,0.258,5.9
Jeremy Lin,2018-19,0.196,9.2
Jerian Grant,2018-19,0.194,10.2
Jerome Robinson,2018-19,0.146,7.6
Jerryd Bayless,2018-19,0.145,11.2
Jevon Carter,2018-19,0.152,11.9
Jimmer Fredette,2018-19,0.0,10.7
Jimmy Butler,2018-19,0.378,7.8
Joakim Noah,2018-19,0.429,4.4
Jodie Meeks,2018-19,0.083,10.2
Joe Chealey,2018-19,0.0,0.0
Joe Harris,2018-19,0.32,7.4
Joe Ingles,2018-19,0.172,8.5
Joel Embiid,2018-19,0.377,4.6
John Collins,2018-19,0.487,4.3
John Henson,2018-19,0.296,5.7
John Holland,2018-19,0.0,0.0
John Jenkins,2018-19,0.027,11.5
John Wall,2018-19,0.155,10.4
Johnathan Motley,2018-19,0.392,4.5
Johnathan Williams,2018-19,0.434,5.0
Jon Leuer,2018-19,0.381,4.9
Jonah Bolden,2018-19,0.45,6.1
Jonas Jerebko,2018-19,0.389,6.1
Jonas Valanciunas,2018-19,0.506,3.7
Jonathan Isaac,2018-19,0.369,5.0
Jonathon Simmons,2018-19,0.319,8.0
Jordan Bell,2018-19,0.44,5.5
Jordan Clarkson,2018-19,0.244,8.8
Jordan Loyd,2018-19,0.333,7.0
Jordan McRae,2018-19,0.225,9.2
Jordan Sibert,2018-19,0.0,0.0
Jose Calderon,2018-19,0.133,10.2
Josh Hart,2018-19,0.282,7.8
Josh Jackson,2018-19,0.297,7.1
Josh Okogie,2018-19,0.303,7.7
Josh Richardson,2018-19,0.186,10.5
Jrue Holiday,2018-19,0.284,8.3
Juancho Hernangomez,2018-19,0.283,6.1
Julian Washburn,2018-19,0.317,7.0
Julius Randle,2018-19,0.372,5.0
Justin Anderson,2018-19,0.286,6.5
Justin Holiday,2018-19,0.211,8.0
Justin Jackson,2018-19,0.278,8.5
Justin Patton,2018-19,0.667,4.0
Justise Winslow,2018-19,0.282,6.9
Jusuf Nurkic,2018-19,0.453,4.4
Kadeem Allen,2018-19,0.275,7.9
Kalin Lucas,2018-19,0.333,10.5
Karl-Anthony Towns,2018-19,0.425,5.2
Kawhi Leonard,2018-19,0.376,6.7
Keita Bates-Diop,2018-19,0.277,7.0
Kelly Olynyk,2018-19,0.291,6.5
Kelly Oubre Jr.,2018-19,0.332,6.3
Kemba Walker,2018-19,0.23,9.5
Kenneth Faried,2018-19,0.456,4.9
Kenrich Williams,2018-19,0.32,7.1
Kent Bazemore,2018-19,0.199,7.9
Kentavious Caldwell-Pope,2018-19,0.176,8.3
Kevin Durant,2018-19,0.229,6.5
Kevin Huerter,2018-19,0.233,9.0
Kevin Knox II,2018-19,0.281,7.0
Kevin Love,2018-19,0.314,4.8
Kevon Looney,2018-19,0.54,5.2
Khem Birch,2018-19,0.547,5.1
Khris Middleton,2018-19,0.189,6.9
Khyri Thomas,2018-19,0.15,8.3
Klay Thompson,2018-19,0.211,8.2
Kobi Simmons,2018-19,0.0,0.0
Kosta Koufos,2018-19,0.401,4.9
Kostas Antetokounmpo,2018-19,0.0,5.8
Kris Dunn,2018-19,0.164,7.5
Kyle Anderson,2018-19,0.283,7.1
Kyle Korver,2018-19,0.138,8.3
Kyle Kuzma,2018-19,0.249,7.3
Kyle Lowry,2018-19,0.237,8.4
Kyle O'Quinn,2018-19,0.403,4.7
Kyrie Irving,2018-19,0.233,8.9
LaMarcus Aldridge,2018-19,0.453,5.7
Lance Stephenson,2018-19,0.233,6.7
Lance Thomas,2018-19,0.333,7.4
Landry Shamet,2018-19,0.144,10.4
Langston Galloway,2018-19,0.175,11.2
Larry Nance Jr.,2018-19,0.393,5.0
Lauri Markkanen,2018-19,0.325,5.3
LeBron James,2018-19,0.271,6.9
Lonnie Walker IV,2018-19,0.294,7.0
Lonzo Ball,2018-19,0.327,6.9
Lorenzo Brown,2018-19,0.194,5.7
Lou Williams,2018-19,0.171,9.3
Luc Mbah a Moute,2018-19,0.286,8.2
Luka Doncic,2018-19,0.266,6.0
Luke Kennard,2018-19,0.158,8.0
Luke Kornet,2018-19,0.409,6.7
Luol Deng,2018-19,0.233,6.5
Malachi Richardson,2018-19,0.077,7.9
Malcolm Brogdon,2018-19,0.253,8.7
Malcolm Miller,2018-19,0.2,5.4
Malik Beasley,2018-19,0.225,9.0
Malik Monk,2018-19,0.139,8.8
MarShon Brooks,2018-19,0.267,6.9
Marc Gasol,2018-19,0.381,4.9
Marcin Gortat,2018-19,0.349,4.8
Marco Belinelli,2018-19,0.126,7.9
Marcus Derrickson,2018-19,0.538,9.7
Marcus Morris Sr.,2018-19,0.255,6.2
Marcus Smart,2018-19,0.346,8.3
Mario Hezonja,2018-19,0.21,6.3
Markelle Fultz,2018-19,0.286,8.2
Markieff Morris,2018-19,0.385,6.0
Marquese Chriss,2018-19,0.437,6.2
Marvin Bagley III,2018-19,0.431,4.9
Marvin Williams,2018-19,0.322,6.9
Mason Plumlee,2018-19,0.391,4.9
Matthew Dellavedova,2018-19,0.143,8.9
Maurice Harkless,2018-19,0.375,6.3
Maxi Kleber,2018-19,0.432,6.2
Melvin Frazier Jr.,2018-19,0.4,4.8
Meyers Leonard,2018-19,0.365,4.9
Michael Beasley,2018-19,0.3,5.2
Michael Carter-Williams,2018-19,0.386,7.1
Michael Kidd-Gilchrist,2018-19,0.48,5.6
Mikal Bridges,2018-19,0.288,9.1
Mike Conley,2018-19,0.184,10.1
Mike Muscala,2018-19,0.342,6.0
Mike Scott,2018-19,0.264,6.8
Miles Bridges,2018-19,0.344,6.4
Miles Plumlee,2018-19,0.436,4.5
Milos Teodosic,2018-19,0.063,7.8
Mitchell Creek,2018-19,0.583,9.3
Mitchell Robinson,2018-19,0.504,5.8
Mo Bamba,2018-19,0.448,4.2
Monte Morris,2018-19,0.165,11.0
Montrezl Harrell,2018-19,0.501,5.2
Moritz Wagner,2018-19,0.412,5.2
Myles Turner,2018-19,0.427,4.5
Naz Mitrou-Long,2018-19,0.0,10.6
Nemanja Bjelica,2018-19,0.432,5.2
Nene,2018-19,0.423,5.7
Nerlens Noel,2018-19,0.435,4.9
Nick Young,2018-19,0.0,11.0
Nicolas Batum,2018-19,0.328,6.8
Nik Stauskas,2018-19,0.15,7.5
Nikola Jokic,2018-19,0.466,4.4
Nikola Mirotic,2018-19,0.319,5.0
Nikola Vucevic,2018-19,0.431,4.6
Noah Vonleh,2018-19,0.373,5.0
Norman Powell,2018-19,0.201,7.5
OG Anunoby,2018-19,0.35,5.8
Okaro White,2018-19,0.5,8.8
Omari Spellman,2018-19,0.464,5.1
Omri Casspi,2018-19,0.278,5.6
Otto Porter Jr.,2018-19,0.277,6.3
P.J. Dozier,2018-19,0.294,6.0
P.J. Tucker,2018-19,0.38,6.4
Pascal Siakam,2018-19,0.313,6.0
Pat Connaughton,2018-19,0.264,6.4
Patrick Beverley,2018-19,0.193,7.7
Patrick McCaw,2018-19,0.271,9.4
Patrick Patterson,2018-19,0.356,6.9
Patty Mills,2018-19,0.088,12.1
Pau Gasol,2018-19,0.401,4.4
Paul George,2018-19,0.236,7.5
Paul Millsap,2018-19,0.384,5.8
Quincy Acy,2018-19,0.36,4.6
Quincy Pondexter,2018-19,0.152,8.2
Quinn Cook,2018-19,0.121,8.6
RJ Hunter,2018-19,0.333,14.5
Rajon Rondo,2018-19,0.165,8.7
Raul Neto,2018-19,0.21,9.1
Rawle Alkins,2018-19,0.423,7.3
Ray Spalding,2018-19,0.479,5.1
Raymond Felton,2018-19,0.176,11.9
Reggie Bullock,2018-19,0.185,9.7
Reggie Jackson,2018-19,0.157,10.3
Richaun Holmes,2018-19,0.486,5.0
Ricky Rubio,2018-19,0.172,10.1
Robert Covington,2018-19,0.269,7.0
Robert Williams III,2018-19,0.469,5.3
Robin Lopez,2018-19,0.589,4.9
Rodions Kurucs,2018-19,0.321,6.4
Rodney Hood,2018-19,0.191,10.4
Rodney McGruder,2018-19,0.261,8.1
Ron Baker,2018-19,0.182,10.7
Rondae Hollis-Jefferson,2018-19,0.352,5.9
Royce O'Neale,2018-19,0.261,7.0
Rudy Gay,2018-19,0.283,5.3
Rudy Gobert,2018-19,0.388,4.2
Russell Westbrook,2018-19,0.166,6.9
Ryan Anderson,2018-19,0.444,6.0
Ryan Arcidiacono,2018-19,0.138,9.2
Ryan Broekhoff,2018-19,0.222,10.1
Salah Mejri,2018-19,0.443,4.7
Sam Dekker,2018-19,0.287,6.5
Scott Machado,2018-19,0.0,0.0
Semi Ojeleye,2018-19,0.395,8.3
Serge Ibaka,2018-19,0.423,4.4
Seth Curry,2018-19,0.142,11.5
Shabazz Napier,2018-19,0.15,10.1
Shai Gilgeous-Alexander,2018-19,0.289,9.6
Shake Milton,2018-19,0.114,8.3
Shaquille Harrison,2018-19,0.195,8.4
Shaun Livingston,2018-19,0.316,8.8
Shelvin Mack,2018-19,0.173,11.1
Sindarius Thornwell,2018-19,0.318,7.3
Skal Labissiere,2018-19,0.395,5.8
Solomon Hill,2018-19,0.316,7.2
Spencer Dinwiddie,2018-19,0.151,10.4
Stanley Johnson,2018-19,0.244,7.5
Stephen Curry,2018-19,0.211,8.1
Sterling Brown,2018-19,0.212,7.6
Steven Adams,2018-19,0.513,5.3
Svi Mykhailiuk,2018-19,0.194,10.8
T.J. Leaf,2018-19,0.384,6.3
T.J. McConnell,2018-19,0.148,8.8
T.J. Warren,2018-19,0.322,7.8
Tahjere McCall,2018-19,0.0,6.5
Taj Gibson,2018-19,0.437,5.7
Taurean Prince,2018-19,0.211,8.1
Terrance Ferguson,2018-19,0.239,10.0
Terrence Jones,2018-19,0.5,3.5
Terrence Ross,2018-19,0.145,7.3
Terry Rozier,2018-19,0.166,7.7
Thabo Sefolosha,2018-19,0.205,6.2
Thaddeus Young,2018-19,0.405,5.7
Theo Pinson,2018-19,0.222,7.7
Thomas Bryant,2018-19,0.431,4.6
Thomas Welsh,2018-19,0.25,7.7
Thon Maker,2018-19,0.282,6.3
Tim Frazier,2018-19,0.214,8.1
Tim Hardaway Jr.,2018-19,0.236,8.7
Timothe Luwawu-Cabarrot,2018-19,0.299,6.9
Tobias Harris,2018-19,0.231,5.8
Tomas Satoransky,2018-19,0.224,8.5
Tony Bradley,2018-19,0.533,3.4
Tony Parker,2018-19,0.108,10.9
Tony Snell,2018-19,0.248,7.6
Torrey Craig,2018-19,0.35,7.7
Trae Young,2018-19,0.123,10.2
Treveon Graham,2018-19,0.299,6.7
Trevon Duval,2018-19,1.0,9.0
Trevor Ariza,2018-19,0.253,6.9
Trey Burke,2018-19,0.202,10.5
Trey Lyles,2018-19,0.325,5.7
Tristan Thompson,2018-19,0.477,4.6
Troy Brown Jr.,2018-19,0.317,7.6
Troy Caupain,2018-19,0.333,14.8
Troy Daniels,2018-19,0.192,7.4
Troy Williams,2018-19,0.339,6.3
Tyler Cavanaugh,2018-19,0.375,8.5
Tyler Davis,2018-19,1.0,2.3
Tyler Dorsey,2018-19,0.195,7.9
Tyler Johnson,2018-19,0.156,9.1
Tyler Lydon,2018-19,0.444,5.6
Tyler Ulis,2018-19,0.0,
Tyler Zeller,2018-19,0.542,4.9
Tyreke Evans,2018-19,0.264,8.8
Tyrone Wallace,2018-19,0.287,6.7
Tyson Chandler,2018-19,0.443,4.7
Tyus Jones,2018-19,0.075,11.1
Udonis Haslem,2018-19,0.222,4.1
Victor Oladipo,2018-19,0.208,7.5
Vince Carter,2018-19,0.356,6.8
Vincent Edwards,2018-19,0.0,11.9
Wade Baldwin IV,2018-19,0.2,7.7
Walt Lemon Jr.,2018-19,0.148,7.8
Wayne Ellington,2018-19,0.131,11.0
Wayne Selden,2018-19,0.267,9.0
Wendell Carter Jr.,2018-19,0.507,4.9
Wes Iwundu,2018-19,0.245,7.3
Wesley Johnson,2018-19,0.236,8.6
Wesley Matthews,2018-19,0.229,10.4
Will Barton,2018-19,0.226,7.1
Willie Cauley-Stein,2018-19,0.409,5.3
Willy Hernangomez,2018-19,0.463,4.7
Wilson Chandler,2018-19,0.361,6.3
Yante Maten,2018-19,0.333,2.9
Yogi Ferrell,2018-19,0.11,10.3
Yuta Watanabe,2018-19,0.258,7.3
Zach Collins,2018-19,0.522,5.1
Zach LaVine,2018-19,0.21,6.0
Zach Lofton,2018-19,0.0,0.0
Zaza Pachulia,2018-19,0.494,4.4
Zhaire Smith,2018-19,0.308,9.0
Zhou Qi,2018-19,0.0,0.0
Aaron Gordon,2019-20,0.347,5.9
Aaron Holiday,2019-20,0.141,10.7
Abdel Nader,2019-20,0.2,7.9
Adam Mokoka,2019-20,0.7,3.8
Admiral Schofield,2019-20,0.319,5.9
Al Horford,2019-20,0.346,6.6
Al-Farouq Aminu,2019-20,0.322,5.9
Alec Burks,2019-20,0.213,7.5
Alen Smailagic,2019-20,0.407,4.6
Alex Caruso,2019-20,0.285,9.5
Alex Len,2019-20,0.481,4.3
Alfonzo McKinnie,2019-20,0.354,6.1
Alize Johnson,2019-20,0.375,4.9
Allen Crabbe,2019-20,0.091,8.3
Allonzo Trier,2019-20,0.172,8.8
Amile Jefferson,2019-20,0.652,3.9
Amir Coffey,2019-20,0.25,8.0
Andre Drummond,2019-20,0.453,4.1
Andre Iguodala,2019-20,0.278,8.2
Andre Roberson,2019-20,0.444,6.1
Andrew Wiggins,2019-20,0.321,6.8
Anfernee Simons,2019-20,0.191,9.0
Ante Zizic,2019-20,0.5,4.6
Anthony Davis,2019-20,0.423,5.4
Anthony Tolliver,2019-20,0.331,6.0
Antonius Cleveland,2019-20,0.143,7.8
Anzejs Pasecniks,2019-20,0.523,4.8
Aron Baynes,2019-20,0.406,5.4
Austin Rivers,2019-20,0.223,9.1
Avery Bradley,2019-20,0.191,7.9
BJ Johnson,2019-20,0.333,7.1
Bam Adebayo,2019-20,0.354,5.9
Ben McLemore,2019-20,0.191,8.1
Ben Simmons,2019-20,0.243,7.7
Bismack Biyombo,2019-20,0.507,4.8
Blake Griffin,2019-20,0.395,6.4
Boban Marjanovic,2019-20,0.513,3.8
Bobby Portis,2019-20,0.355,5.5
Bogdan Bogdanovic,2019-20,0.286,7.6
Bojan Bogdanovic,2019-20,0.208,8.2
Bol Bol,2019-20,0.474,3.5
Brad Wanamaker,2019-20,0.146,9.3
Bradley Beal,2019-20,0.26,9.2
Brandon Clarke,2019-20,0.383,5.6
Brandon Goodwin,2019-20,0.236,8.2
Brandon Ingram,2019-20,0.325,6.0
Brandon Knight,2019-20,0.122,8.2
Brian Bowen II,2019-20,0.143,3.1
Brook Lopez,2019-20,0.419,6.4
Bruce Brown,2019-20,0.265,6.7
Bruno Caboclo,2019-20,0.417,5.3
Bruno Fernando,2019-20,0.444,4.4
Bryn Forbes,2019-20,0.114,11.6
Buddy Hield,2019-20,0.183,8.2
CJ McCollum,2019-20,0.198,9.2
CJ Miles,2019-20,0.333,6.9
Caleb Martin,2019-20,0.342,7.7
Caleb Swanigan,2019-20,0.531,4.4
Cam Reddish,2019-20,0.19,9.0
Cameron Johnson,2019-20,0.279,8.0
Cameron Payne,2019-20,0.161,8.7
Caris LeVert,2019-20,0.28,7.3
Carmelo Anthony,2019-20,0.337,6.2
Carsen Edwards,2019-20,0.17,7.5
Cedi Osman,2019-20,0.216,7.6
Chandler Hutchison,2019-20,0.269,6.2
Chandler Parsons,2019-20,0.143,5.9
Charlie Brown Jr.,2019-20,0.25,7.3
Chasson Randle,2019-20,0.0,7.2
Cheick Diallo,2019-20,0.427,4.6
Chimezie Metu,2019-20,0.485,4.7
Chris Boucher,2019-20,0.487,4.3
Chris Chiozza,2019-20,0.113,10.9
Chris Clemons,2019-20,0.167,7.7
Chris Paul,2019-20,0.14,8.2
Chris Silva,2019-20,0.5,4.5
Christian Wood,2019-20,0.419,5.0
Clint Capela,2019-20,0.48,5.2
Coby White,2019-20,0.178,8.0
Cody Martin,2019-20,0.253,7.8
Cody Zeller,2019-20,0.496,4.6
Collin Sexton,2019-20,0.211,10.7
Corey Brewer,2019-20,0.125,9.8
Cory Joseph,2019-20,0.189,9.6
Courtney Lee,2019-20,0.097,10.7
Cristiano Felicio,2019-20,0.5,5.4
D'Angelo Russell,2019-20,0.136,8.1
D.J. Augustin,2019-20,0.164,11.7
D.J. Wilson,2019-20,0.272,5.6
DaQuan Jeffries,2019-20,0.389,9.0
Damian Jones,2019-20,0.471,5.0
Damian Lillard,2019-20,0.186,8.8
Damion Lee,2019-20,0.201,7.8
Damyean Dotson,2019-20,0.099,7.3
Daniel Gafford,2019-20,0.519,4.0
Daniel Theis,2019-20,0.399,5.1
Danilo Gallinari,2019-20,0.205,6.3
Danny Green,2019-20,0.262,7.3
Dante Exum,2019-20,0.149,8.4
Danuel House Jr.,2019-20,0.217,8.0
Dario Saric,2019-20,0.378,4.9
Darius Bazley,2019-20,0.305,5.8
Darius Garland,2019-20,0.162,11.3
Daryl Macon,2019-20,0.0,0.0
David Nwaba,2019-20,0.244,7.0
Davis Bertans,2019-20,0.286,7.2
De'Aaron Fox,2019-20,0.198,9.4
De'Andre Hunter,2019-20,0.332,7.0
De'Anthony Melton,2019-20,0.245,6.6
DeAndre Jordan,2019-20,0.371,4.8
DeAndre' Bembry,2019-20,0.289,7.6
DeMar DeRozan,2019-20,0.187,7.9
DeMarre Carroll,2019-20,0.291,6.7
Dean Wade,2019-20,0.368,4.2
Deandre Ayton,2019-20,0.447,4.7
Dejounte Murray,2019-20,0.202,6.3
Delon Wright,2019-20,0.256,8.0
Dennis Schroder,2019-20,0.102,10.6
Dennis Smith Jr.,2019-20,0.269,8.5
Denzel Valentine,2019-20,0.162,9.0
Deonte Burton,2019-20,0.298,7.7
Derrick Favors,2019-20,0.503,4.3
Derrick Jones Jr.,2019-20,0.396,7.1
Derrick Rose,2019-20,0.14,11.0
Derrick Walton Jr.,2019-20,0.125,9.7
Derrick White,2019-20,0.261,9.2
Devin Booker,2019-20,0.135,8.5
Devon Hall,2019-20,0.286,6.8
Devontae Cacok,2019-20,0.4,3.5
Devonte' Graham,2019-20,0.215,10.0
Dewan Hernandez,2019-20,0.429,5.1
Dewayne Dedmon,2019-20,0.45,4.5
Dillon Brooks,2019-20,0.272,9.9
Dion Waiters,2019-20,0.167,9.7
Domantas Sabonis,2019-20,0.398,3.9
Donovan Mitchell,2019-20,0.247,8.8
Donta Hall,2019-20,0.342,5.1
Donte DiVincenzo,2019-20,0.273,6.6
Dorian Finney-Smith,2019-20,0.395,6.8
Doug McDermott,2019-20,0.27,6.1
Dragan Bender,2019-20,0.423,4.6
Draymond Green,2019-20,0.372,6.0
Drew Eubanks,2019-20,0.376,5.2
Duncan Robinson,2019-20,0.159,8.3
Dusty Hannahs,2019-20,0.0,3.0
Dwayne Bacon,2019-20,0.23,6.4
Dwight Howard,2019-20,0.42,4.1
Dwight Powell,2019-20,0.378,6.4
Dzanan Musa,2019-20,0.233,7.6
E'Twaun Moore,2019-20,0.244,9.3
Ed Davis,2019-20,0.39,5.0
Edmond Sumner,2019-20,0.239,10.6
Elfrid Payton,2019-20,0.212,8.3
Elie Okobo,2019-20,0.213,9.2
Emmanuel Mudiay,2019-20,0.135,8.9
Enes Freedom,2019-20,0.499,4.0
Eric Bledsoe,2019-20,0.237,8.5
Eric Gordon,2019-20,0.183,12.5
Eric Mika,2019-20,0.429,4.1
Eric Paschall,2019-20,0.364,7.1
Ersan Ilyasova,2019-20,0.368,5.0
Evan Fournier,2019-20,0.187,10.3
Evan Turner,2019-20,0.289,8.1
Frank Jackson,2019-20,0.21,8.9
Frank Kaminsky,2019-20,0.479,4.6
Frank Mason III,2019-20,0.316,9.4
Frank Ntilikina,2019-20,0.223,10.8
Fred VanVleet,2019-20,0.163,10.1
Furkan Korkmaz,2019-20,0.167,9.3
Gabe Vincent,2019-20,0.2,8.5
Garrett Temple,2019-20,0.183,9.2
Garrison Mathews,2019-20,0.292,9.0
Gary Clark,2019-20,0.318,7.3
Gary Harris,2019-20,0.239,10.3
Gary Payton II,2019-20,0.375,5.3
Gary Trent Jr.,2019-20,0.135,9.8
George Hill,2019-20,0.287,8.4
Georges Niang,2019-20,0.252,7.6
Giannis Antetokounmpo,2019-20,0.311,4.9
Glenn Robinson III,2019-20,0.278,8.2
Goga Bitadze,2019-20,0.406,4.3
Goran Dragic,2019-20,0.169,9.5
Gordon Hayward,2019-20,0.224,7.3
Gorgui Dieng,2019-20,0.356,5.5
Grant Williams,2019-20,0.461,6.0
Grayson Allen,2019-20,0.141,9.8
Hamidou Diallo,2019-20,0.305,5.7
Harrison Barnes,2019-20,0.269,7.1
Harry Giles III,2019-20,0.373,5.2
Hassan Whiteside,2019-20,0.486,4.0
Henry Ellenson,2019-20,0.333,4.0
Ian Mahinmi,2019-20,0.427,5.4
Ignas Brazdeikis,2019-20,0.2,8.8
Iman Shumpert,2019-20,0.176,9.5
Isaac Bonga,2019-20,0.356,6.9
Isaiah Hartenstein,2019-20,0.444,5.1
Isaiah Roby,2019-20,0.5,1.9
Isaiah Thomas,2019-20,0.132,10.9
Ish Smith,2019-20,0.169,9.0
Ivica Zubac,2019-20,0.501,4.0
J.J. Barea,2019-20,0.057,11.8
J.P. Macura,2019-20,0.0,0.0
JJ Redick,2019-20,0.113,9.1
JR Smith,2019-20,0.2,7.3
Ja Morant,2019-20,0.212,8.3
JaKarr Sampson,2019-20,0.432,5.5
JaMychal Green,2019-20,0.335,5.2
JaVale McGee,2019-20,0.446,4.4
Jabari Parker,2019-20,0.36,5.8
Jacob Evans,2019-20,0.39,8.0
Jae Crowder,2019-20,0.217,6.9
Jahlil Okafor,2019-20,0.528,4.9
Jake Layman,2019-20,0.298,8.7
Jakob Poeltl,2019-20,0.533,4.5
Jalen Brunson,2019-20,0.226,8.7
Jalen Lecque,2019-20,1.0,4.2
Jalen McDaniels,2019-20,0.277,5.5
Jamal Crawford,2019-20,0.0,0.0
Jamal Murray,2019-20,0.225,8.9
James Ennis III,2019-20,0.278,6.0
James Harden,2019-20,0.262,7.8
James Johnson,2019-20,0.28,6.4
Jared Dudley,2019-20,0.231,7.5
Jared Harper,2019-20,0.0,0.0
Jaren Jackson Jr.,2019-20,0.466,6.5
Jarred Vanderbilt,2019-20,0.333,5.2
Jarrell Brantley,2019-20,0.3,5.9
Jarrett Allen,2019-20,0.447,4.6
Jarrett Culver,2019-20,0.297,8.4
Jarrod Uthoff,2019-20,0.167,4.5
Javonte Green,2019-20,0.398,6.4
Jaxson Hayes,2019-20,0.514,5.0
Jaylen Brown,2019-20,0.266,6.8
Jaylen Hoard,2019-20,0.438,5.9
Jaylen Nowell,2019-20,0.231,10.4
Jayson Tatum,2019-20,0.224,6.7
Jeff Green,2019-20,0.308,8.2
Jeff Teague,2019-20,0.148,10.3
Jerami Grant,2019-20,0.387,6.5
Jeremiah Martin,2019-20,0.1,13.7
Jeremy Lamb,2019-20,0.23,6.3
Jeremy Pargo,2019-20,0.0,10.5
Jerian Grant,2019-20,0.0,10.4
Jerome Robinson,2019-20,0.116,7.7
Jevon Carter,2019-20,0.169,10.3
Jimmy Butler,2019-20,0.313,7.3
Joakim Noah,2019-20,0.375,4.7
Joe Chealey,2019-20,0.0,0.0
Joe Harris,2019-20,0.238,8.6
Joe Ingles,2019-20,0.173,8.4
Joel Embiid,2019-20,0.371,4.6
John Collins,2019-20,0.404,4.9
John Henson,2019-20,0.451,4.8
John Konchar,2019-20,0.383,6.8
Johnathan Motley,2019-20,0.2,3.6
Johnathan Williams,2019-20,0.422,4.9
Jonah Bolden,2019-20,0.889,4.0
Jonas Valanciunas,2019-20,0.452,4.1
Jonathan Isaac,2019-20,0.407,5.1
Jordan Bell,2019-20,0.432,5.0
Jordan Bone,2019-20,0.0,11.3
Jordan Clarkson,2019-20,0.246,8.7
Jordan McLaughlin,2019-20,0.286,11.1
Jordan McRae,2019-20,0.21,8.3
Jordan Poole,2019-20,0.127,9.5
Josh Gray,2019-20,0.0,7.1
Josh Hart,2019-20,0.287,6.4
Josh Jackson,2019-20,0.288,6.4
Josh Magette,2019-20,0.167,7.0
Josh Okogie,2019-20,0.358,7.9
Josh Reaves,2019-20,0.667,5.2
Josh Richardson,2019-20,0.27,9.7
Jrue Holiday,2019-20,0.251,8.7
Juan Toscano-Anderson,2019-20,0.288,5.8
Juancho Hernangomez,2019-20,0.335,5.0
Julius Randle,2019-20,0.347,5.4
Justin Anderson,2019-20,0.238,7.1
Justin Holiday,2019-20,0.248,8.2
Justin Jackson,2019-20,0.289,7.0
Justin James,2019-20,0.281,5.7
Justin Patton,2019-20,0.8,5.1
Justin Robinson,2019-20,0.0,13.9
Justin Wright-Foreman,2019-20,0.2,12.5
Justise Winslow,2019-20,0.301,6.6
Jusuf Nurkic,2019-20,0.463,3.8
Juwan Morgan,2019-20,0.586,6.0
KZ Okpala,2019-20,0.4,4.7
Kadeem Allen,2019-20,0.111,10.0
Karl-Anthony Towns,2019-20,0.476,4.9
Kawhi Leonard,2019-20,0.281,6.9
Keita Bates-Diop,2019-20,0.331,6.9
Kelan Martin,2019-20,0.198,7.2
Keldon Johnson,2019-20,0.316,7.5
Kelly Olynyk,2019-20,0.291,5.4
Kelly Oubre Jr.,2019-20,0.252,6.1
Kemba Walker,2019-20,0.263,8.2
Kendrick Nunn,2019-20,0.222,8.2
Kenrich Williams,2019-20,0.323,6.1
Kent Bazemore,2019-20,0.222,7.1
Kentavious Caldwell-Pope,2019-20,0.268,9.7
Kevin Hervey,2019-20,0.25,9.1
Kevin Huerter,2019-20,0.18,8.1
Kevin Knox II,2019-20,0.158,7.1
Kevin Love,2019-20,0.336,4.5
Kevin Porter Jr.,2019-20,0.29,7.2
Kevon Looney,2019-20,0.53,5.4
Khem Birch,2019-20,0.468,5.7
Khris Middleton,2019-20,0.19,7.5
Khyri Thomas,2019-20,0.0,23.7
Kostas Antetokounmpo,2019-20,0.333,4.7
Kris Dunn,2019-20,0.21,7.3
Kristaps Porzingis,2019-20,0.367,5.2
Ky Bowman,2019-20,0.182,9.8
Kyle Alexander,2019-20,0.333,3.4
Kyle Anderson,2019-20,0.284,7.2
Kyle Guy,2019-20,1.0,2.7
Kyle Korver,2019-20,0.179,8.9
Kyle Kuzma,2019-20,0.293,7.0
Kyle Lowry,2019-20,0.202,8.4
Kyle O'Quinn,2019-20,0.397,5.3
Kyrie Irving,2019-20,0.165,9.0
LaMarcus Aldridge,2019-20,0.379,6.3
Lance Thomas,2019-20,0.231,8.2
Landry Shamet,2019-20,0.18,9.7
Langston Galloway,2019-20,0.155,11.7
Larry Nance Jr.,2019-20,0.413,4.9
Lauri Markkanen,2019-20,0.335,5.5
LeBron James,2019-20,0.251,6.9
Lonnie Walker IV,2019-20,0.162,7.3
Lonzo Ball,2019-20,0.234,7.4
Lou Williams,2019-20,0.194,10.0
Louis King,2019-20,0.4,6.0
Luc Mbah a Moute,2019-20,0.5,6.0
Luguentz Dort,2019-20,0.346,9.8
Luka Doncic,2019-20,0.215,5.9
Luka Samanic,2019-20,0.2,7.0
Luke Kennard,2019-20,0.122,8.5
Luke Kornet,2019-20,0.464,5.1
Malcolm Brogdon,2019-20,0.26,9.1
Malcolm Miller,2019-20,0.375,6.5
Malik Beasley,2019-20,0.209,8.4
Malik Monk,2019-20,0.145,7.4
Malik Newman,2019-20,0.0,0.0
Marc Gasol,2019-20,0.264,5.8
Marco Belinelli,2019-20,0.113,8.0
Marcus Morris Sr.,2019-20,0.267,7.5
Marcus Smart,2019-20,0.324,9.0
Marial Shayok,2019-20,0.571,13.0
Mario Hezonja,2019-20,0.234,6.7
Markelle Fultz,2019-20,0.273,7.7
Markieff Morris,2019-20,0.284,6.7
Marko Guduric,2019-20,0.274,9.1
Marques Bolden,2019-20,1.0,3.1
Marquese Chriss,2019-20,0.468,4.9
Marvin Bagley III,2019-20,0.412,4.6
Marvin Williams,2019-20,0.282,6.8
Mason Plumlee,2019-20,0.438,4.6
Matisse Thybulle,2019-20,0.234,10.5
Matt Mooney,2019-20,0.333,4.7
Matt Thomas,2019-20,0.217,10.0
Matthew Dellavedova,2019-20,0.187,10.9
Maurice Harkless,2019-20,0.283,6.8
Max Strus,2019-20,1.0,4.8
Maxi Kleber,2019-20,0.468,6.0
Melvin Frazier Jr.,2019-20,0.3,8.2
Meyers Leonard,2019-20,0.269,5.3
Mfiondu Kabengele,2019-20,0.182,4.3
Michael Carter-Williams,2019-20,0.272,7.9
Michael Frazier II,2019-20,0.1,8.7
Michael Kidd-Gilchrist,2019-20,0.388,6.2
Michael Porter Jr.,2019-20,0.363,4.7
Mikal Bridges,2019-20,0.33,8.1
Mike Conley,2019-20,0.179,10.4
Mike Muscala,2019-20,0.389,5.8
Mike Scott,2019-20,0.375,6.7
Miles Bridges,2019-20,0.297,6.7
Mitchell Robinson,2019-20,0.584,5.3
Miye Oni,2019-20,0.294,7.4
Mo Bamba,2019-20,0.46,3.6
Monte Morris,2019-20,0.161,12.0
Montrezl Harrell,2019-20,0.494,5.2
Moritz Wagner,2019-20,0.447,4.7
Moses Brown,2019-20,0.429,3.5
Mychal Mulder,2019-20,0.174,9.4
Myles Turner,2019-20,0.381,5.0
Nassir Little,2019-20,0.398,5.9
Naz Mitrou-Long,2019-20,0.429,8.7
Naz Reid,2019-20,0.444,4.3
Nemanja Bjelica,2019-20,0.417,5.2
Nerlens Noel,2019-20,0.447,5.6
Nic Claxton,2019-20,0.568,4.2
Nickeil Alexander-Walker,2019-20,0.179,6.2
Nicolas Batum,2019-20,0.319,7.1
Nicolo Melli,2019-20,0.392,6.0
Nigel Williams-Goss,2019-20,0.5,9.9
Nikola Jokic,2019-20,0.444,4.6
Nikola Vucevic,2019-20,0.409,4.4
Noah Vonleh,2019-20,0.395,4.1
Norman Powell,2019-20,0.234,8.2
Norvel Pelle,2019-20,0.597,4.0
OG Anunoby,2019-20,0.315,6.5
Omari Spellman,2019-20,0.429,6.2
Oshae Brissett,2019-20,0.423,7.6
Otto Porter Jr.,2019-20,0.292,8.9
P.J. Dozier,2019-20,0.309,8.7
P.J. Tucker,2019-20,0.349,7.0
P.J. Washington,2019-20,0.386,6.0
Pascal Siakam,2019-20,0.288,6.3
Pat Connaughton,2019-20,0.305,6.0
Patrick Beverley,2019-20,0.162,8.4
Patrick McCaw,2019-20,0.298,9.2
Patrick Patterson,2019-20,0.258,6.8
Patty Mills,2019-20,0.107,14.2
Paul George,2019-20,0.239,6.7
Paul Millsap,2019-20,0.375,5.8
Paul Watson,2019-20,0.471,9.1
Quinn Cook,2019-20,0.157,13.1
Quinndary Weatherspoon,2019-20,0.429,7.3
RJ Barrett,2019-20,0.226,6.8
Rajon Rondo,2019-20,0.134,9.2
Raul Neto,2019-20,0.148,10.5
Rayjon Tucker,2019-20,0.05,6.5
Reggie Bullock,2019-20,0.206,9.3
Reggie Jackson,2019-20,0.163,8.6
Richaun Holmes,2019-20,0.513,4.5
Ricky Rubio,2019-20,0.146,9.0
Robert Covington,2019-20,0.315,6.2
Robert Williams III,2019-20,0.508,6.3
Robin Lopez,2019-20,0.522,5.6
Rodions Kurucs,2019-20,0.277,6.1
Rodney Hood,2019-20,0.25,8.6
Rodney McGruder,2019-20,0.278,7.4
Romeo Langford,2019-20,0.512,7.6
Rondae Hollis-Jefferson,2019-20,0.436,5.4
Royce O'Neale,2019-20,0.229,6.3
Rudy Gay,2019-20,0.298,5.7
Rudy Gobert,2019-20,0.359,4.0
Rui Hachimura,2019-20,0.32,5.7
Russell Westbrook,2019-20,0.286,7.6
Ryan Anderson,2019-20,0.0,3.3
Ryan Arcidiacono,2019-20,0.1,9.5
Ryan Broekhoff,2019-20,0.31,5.9
Sekou Doumbouya,2019-20,0.22,6.0
Semi Ojeleye,2019-20,0.31,9.5
Serge Ibaka,2019-20,0.423,4.6
Seth Curry,2019-20,0.119,11.0
Shabazz Napier,2019-20,0.165,8.8
Shai Gilgeous-Alexander,2019-20,0.238,7.4
Shake Milton,2019-20,0.227,8.2
Shamorie Ponds,2019-20,0.0,7.3
Shaquille Harrison,2019-20,0.244,9.2
Sindarius Thornwell,2019-20,0.5,7.3
Skal Labissiere,2019-20,0.42,4.7
Solomon Hill,2019-20,0.285,7.1
Spencer Dinwiddie,2019-20,0.213,9.3
Stanley Johnson,2019-20,0.243,8.2
Stanton Kidd,2019-20,0.0,2.2
Stephen Curry,2019-20,0.308,9.2
Sterling Brown,2019-20,0.202,6.1
Steven Adams,2019-20,0.535,4.8
Svi Mykhailiuk,2019-20,0.155,11.5
T.J. Leaf,2019-20,0.366,5.0
T.J. McConnell,2019-20,0.132,9.6
T.J. Warren,2019-20,0.343,7.8
Tacko Fall,2019-20,0.4,4.2
Taj Gibson,2019-20,0.487,5.9
Talen Horton-Tucker,2019-20,0.286,8.1
Tariq Owens,2019-20,0.0,6.3
Taurean Prince,2019-20,0.26,6.5
Terance Mann,2019-20,0.2,6.5
Terence Davis,2019-20,0.222,8.1
Terrance Ferguson,2019-20,0.216,8.9
Terrence Ross,2019-20,0.162,8.0
Terry Rozier,2019-20,0.196,9.1
Thabo Sefolosha,2019-20,0.215,6.7
Thaddeus Young,2019-20,0.359,6.7
Thanasis Antetokounmpo,2019-20,0.417,7.7
Theo Pinson,2019-20,0.259,7.9
Thomas Bryant,2019-20,0.405,5.6
Thon Maker,2019-20,0.335,6.2
Tim Frazier,2019-20,0.152,9.0
Tim Hardaway Jr.,2019-20,0.186,8.4
Timothe Luwawu-Cabarrot,2019-20,0.283,8.4
Tobias Harris,2019-20,0.297,5.4
Tomas Satoransky,2019-20,0.252,8.7
Tony Bradley,2019-20,0.464,4.3
Tony Snell,2019-20,0.255,9.1
Torrey Craig,2019-20,0.323,6.5
Trae Young,2019-20,0.165,9.5
Tremont Waters,2019-20,0.25,11.7
Treveon Graham,2019-20,0.393,6.2
Trevor Ariza,2019-20,0.223,7.4
Trey Burke,2019-20,0.08,11.9
Trey Lyles,2019-20,0.285,5.1
Tristan Thompson,2019-20,0.447,5.5
Troy Brown Jr.,2019-20,0.303,6.6
Troy Daniels,2019-20,0.173,7.4
Ty Jerome,2019-20,0.348,8.7
Tyler Cook,2019-20,0.357,4.0
Tyler Herro,2019-20,0.165,6.6
Tyler Johnson,2019-20,0.187,9.1
Tyler Zeller,2019-20,0.5,2.1
Tyrone Wallace,2019-20,0.364,9.6
Tyson Chandler,2019-20,0.455,5.7
Tyus Jones,2019-20,0.087,9.4
Udonis Haslem,2019-20,0.313,3.6
Vic Law,2019-20,0.091,4.1
Victor Oladipo,2019-20,0.307,8.0
Vince Carter,2019-20,0.306,7.3
Vincent Poirier,2019-20,0.465,4.6
Vlatko Cancar,2019-20,0.9,5.5
Wayne Ellington,2019-20,0.154,10.1
Wendell Carter Jr.,2019-20,0.536,4.5
Wenyen Gabriel,2019-20,0.44,6.2
Wes Iwundu,2019-20,0.305,5.8
Wesley Matthews,2019-20,0.2,9.1
Will Barton,2019-20,0.268,6.0
William Howard,2019-20,0.0,3.9
Willie Cauley-Stein,2019-20,0.432,5.6
Willy Hernangomez,2019-20,0.466,4.7
Wilson Chandler,2019-20,0.317,4.9
Yogi Ferrell,2019-20,0.122,9.2
Yuta Watanabe,2019-20,0.5,8.1
Zach Collins,2019-20,0.478,4.9
Zach LaVine,2019-20,0.152,7.5
Zach Norvell Jr.,2019-20,0.333,12.8
Zhaire Smith,2019-20,0.0,16.3
Zion Williamson,2019-20,0.479,6.6
Zylan Cheatham,2019-20,0.333,6.3
Aaron Gordon,2020-21,0.377,6.5
Aaron Holiday,2020-21,0.101,10.1
Aaron Nesmith,2020-21,0.362,6.7
Abdel Nader,2020-21,0.21,6.0
Adam Mokoka,2020-21,0.4,9.1
Al Horford,2020-21,0.372,6.0
Al-Farouq Aminu,2020-21,0.3,6.9
Alec Burks,2020-21,0.22,7.9
Alekesej Pokusevski,2020-21,0.222,5.5
Alen Smailagic,2020-21,0.563,3.6
Alex Caruso,2020-21,0.2,9.1
Alex Len,2020-21,0.45,5.0
Alfonzo McKinnie,2020-21,0.481,4.4
Alize Johnson,2020-21,0.378,5.1
Amida Brimah,2020-21,0.5,3.3
Amir Coffey,2020-21,0.364,10.7
Anderson Varejao,2020-21,0.55,3.3
Andre Drummond,2020-21,0.47,4.2
Andre Iguodala,2020-21,0.29,7.9
Andre Roberson,2020-21,0.2,7.2
Andrew Wiggins,2020-21,0.323,7.0
Anfernee Simons,2020-21,0.179,8.2
Anthony Davis,2020-21,0.357,5.1
Anthony Edwards,2020-21,0.205,7.3
Anthony Gill,2020-21,0.353,6.9
Anthony Lamb,2020-21,0.4,7.3
Anthony Tolliver,2020-21,0.6,5.0
Anzejs Pasecniks,2020-21,0.0,6.4
Armoni Brooks,2020-21,0.162,7.7
Aron Baynes,2020-21,0.421,4.8
Ashton Hagans,2020-21,0.0,0.0
Austin Rivers,2020-21,0.159,9.2
Avery Bradley,2020-21,0.246,8.4
Axel Toupane,2020-21,0.333,6.0
Bam Adebayo,2020-21,0.412,5.8
Ben McLemore,2020-21,0.22,8.7
Ben Simmons,2020-21,0.257,7.4
Bismack Biyombo,2020-21,0.47,5.6
Blake Griffin,2020-21,0.333,5.4
Boban Marjanovic,2020-21,0.484,4.0
Bobby Portis,2020-21,0.414,4.7
Bogdan Bogdanovic,2020-21,0.169,7.6
Bojan Bogdanovic,2020-21,0.142,7.9
Bol Bol,2020-21,0.417,4.0
Brad Wanamaker,2020-21,0.267,10.9
Bradley Beal,2020-21,0.244,7.9
Brandon Clarke,2020-21,0.412,5.5
Brandon Goodwin,2020-21,0.116,8.2
Brandon Ingram,2020-21,0.231,7.1
Brian Bowen II,2020-21,0.333,2.7
Brodric Thomas,2020-21,0.358,7.2
Brook Lopez,2020-21,0.478,6.4
Bruce Brown,2020-21,0.298,6.2
Bruno Caboclo,2020-21,0.357,5.3
Bruno Fernando,2020-21,0.321,4.8
Bryn Forbes,2020-21,0.17,8.7
Buddy Hield,2020-21,0.234,7.9
CJ Elleby,2020-21,0.406,7.7
CJ McCollum,2020-21,0.141,9.4
Caleb Martin,2020-21,0.284,8.6
Cam Reddish,2020-21,0.231,9.2
Cam Reynolds,2020-21,0.2,5.5
Cameron Johnson,2020-21,0.286,7.7
Cameron Oliver,2020-21,0.333,6.6
Cameron Payne,2020-21,0.111,8.2
Caris LeVert,2020-21,0.229,8.7
Carmelo Anthony,2020-21,0.28,6.8
Carsen Edwards,2020-21,0.154,12.6
Cassius Stanley,2020-21,0.2,6.2
Cassius Winston,2020-21,0.0,6.8
Cedi Osman,2020-21,0.184,8.1
Chandler Hutchison,2020-21,0.179,5.0
Charlie Brown Jr.,2020-21,0.294,8.9
Chasson Randle,2020-21,0.183,10.1
Chimezie Metu,2020-21,0.393,4.6
Chris Boucher,2020-21,0.421,4.5
Chris Chiozza,2020-21,0.167,8.2
Chris Paul,2020-21,0.147,8.8
Chris Silva,2020-21,0.481,4.2
Christian Wood,2020-21,0.377,5.0
Chuma Okeke,2020-21,0.359,6.3
Clint Capela,2020-21,0.483,4.8
Coby White,2020-21,0.204,9.1
Cody Martin,2020-21,0.335,7.6
Cody Zeller,2020-21,0.503,4.4
Cole Anthony,2020-21,0.267,6.9
Collin Sexton,2020-21,0.278,10.5
Cory Joseph,2020-21,0.245,9.7
Cristiano Felicio,2020-21,0.615,3.9
D'Angelo Russell,2020-21,0.135,9.4
D.J. Augustin,2020-21,0.128,12.5
D.J. Wilson,2020-21,0.357,4.5
DaQuan Jeffries,2020-21,0.254,9.3
Dakota Mathias,2020-21,0.0,13.1
Damian Jones,2020-21,0.397,6.0
Damian Lillard,2020-21,0.159,9.3
Damion Lee,2020-21,0.278,6.8
Damyean Dotson,2020-21,0.172,8.1
Daniel Gafford,2020-21,0.584,4.2
Daniel Oturu,2020-21,0.396,9.9
Daniel Theis,2020-21,0.424,5.0
Danilo Gallinari,2020-21,0.299,5.9
Danny Green,2020-21,0.285,8.1
Dante Exum,2020-21,0.118,8.1
Danuel House Jr.,2020-21,0.295,7.4
Dario Saric,2020-21,0.295,5.2
Darius Bazley,2020-21,0.283,5.0
Darius Garland,2020-21,0.171,11.0
Darius Miller,2020-21,0.167,8.0
David Nwaba,2020-21,0.271,8.0
Davis Bertans,2020-21,0.28,7.7
De'Aaron Fox,2020-21,0.163,10.3
De'Andre Hunter,2020-21,0.273,7.0
De'Anthony Melton,2020-21,0.323,7.1
DeAndre Jordan,2020-21,0.377,4.8
DeAndre' Bembry,2020-21,0.308,6.9
DeMar DeRozan,2020-21,0.216,8.5
DeMarcus Cousins,2020-21,0.338,4.9
Dean Wade,2020-21,0.349,5.8
Deandre Ayton,2020-21,0.465,4.7
Deividas Sirvydis,2020-21,0.276,5.7
Dejounte Murray,2020-21,0.226,6.0
Delon Wright,2020-21,0.204,8.9
Deni Avdija,2020-21,0.282,5.1
Dennis Schroder,2020-21,0.152,10.1
Dennis Smith Jr.,2020-21,0.364,6.7
Denzel Valentine,2020-21,0.294,6.6
Derrick Favors,2020-21,0.513,4.7
Derrick Jones Jr.,2020-21,0.434,7.2
Derrick Rose,2020-21,0.131,11.5
Derrick White,2020-21,0.224,8.6
Desmond Bane,2020-21,0.229,7.9
Devin Booker,2020-21,0.185,8.5
Devin Cannady,2020-21,0.6,6.2
Devin Vassell,2020-21,0.259,6.7
Devon Dotson,2020-21,0.6,10.0
Devontae Cacok,2020-21,0.313,4.6
Devonte' Graham,2020-21,0.135,10.5
Dewayne Dedmon,2020-21,0.453,4.8
Didi Louzada,2020-21,0.333,5.4
Dillon Brooks,2020-21,0.26,9.5
Domantas Sabonis,2020-21,0.371,4.3
Donovan Mitchell,2020-21,0.247,9.6
Donta Hall,2020-21,0.548,4.8
Donte DiVincenzo,2020-21,0.258,6.4
Dorian Finney-Smith,2020-21,0.38,6.5
Doug McDermott,2020-21,0.33,6.7
Draymond Green,2020-21,0.333,5.9
Drew Eubanks,2020-21,0.419,4.7
Duncan Robinson,2020-21,0.176,8.4
Dwayne Bacon,2020-21,0.219,7.5
Dwight Howard,2020-21,0.478,3.8
Dwight Powell,2020-21,0.389,6.5
Dylan Windler,2020-21,0.308,6.8
E'Twaun Moore,2020-21,0.422,9.0
Ed Davis,2020-21,0.417,5.5
Edmond Sumner,2020-21,0.298,7.8
Elfrid Payton,2020-21,0.259,9.0
Elijah Bryant,2020-21,0.333,5.6
Elijah Hughes,2020-21,0.111,7.8
Enes Freedom,2020-21,0.482,4.1
Eric Bledsoe,2020-21,0.123,9.6
Eric Gordon,2020-21,0.155,12.8
Eric Paschall,2020-21,0.344,6.0
Ersan Ilyasova,2020-21,0.31,5.5
Evan Fournier,2020-21,0.25,9.0
Facundo Campazzo,2020-21,0.157,11.4
Frank Jackson,2020-21,0.279,10.7
Frank Kaminsky,2020-21,0.367,5.2
Frank Mason III,2020-21,0.25,9.9
Frank Ntilikina,2020-21,0.129,11.6
Fred VanVleet,2020-21,0.282,9.2
Freddie Gillespie,2020-21,0.557,4.4
Furkan Korkmaz,2020-21,0.204,9.0
Gabe Vincent,2020-21,0.268,9.6
Gabriel Deck,2020-21,0.475,6.7
Garrett Temple,2020-21,0.219,9.1
Garrison Mathews,2020-21,0.218,9.0
Gary Clark,2020-21,0.287,6.8
Gary Harris,2020-21,0.253,10.1
Gary Payton II,2020-21,0.273,6.5
Gary Trent Jr.,2020-21,0.217,9.2
George Hill,2020-21,0.246,8.0
Georges Niang,2020-21,0.284,7.6
Giannis Antetokounmpo,2020-21,0.28,5.7
Glenn Robinson III,2020-21,0.311,8.0
Goga Bitadze,2020-21,0.467,4.5
Goran Dragic,2020-21,0.213,9.2
Gordon Hayward,2020-21,0.252,7.3
Gorgui Dieng,2020-21,0.379,5.2
Grant Riller,2020-21,0.0,7.8
Grant Williams,2020-21,0.348,6.3
Grayson Allen,2020-21,0.119,8.0
Greg Whittington,2020-21,0.0,0.0
Hamidou Diallo,2020-21,0.349,6.0
Harrison Barnes,2020-21,0.351,5.8
Harry Giles III,2020-21,0.459,5.1
Hassan Whiteside,2020-21,0.502,4.0
Henry Ellenson,2020-21,0.333,8.1
Ignas Brazdeikis,2020-21,0.289,6.7
Iman Shumpert,2020-21,0.0,8.0
Immanuel Quickley,2020-21,0.146,9.2
Isaac Bonga,2020-21,0.364,9.2
Isaac Okoro,2020-21,0.35,10.1
Isaiah Hartenstein,2020-21,0.481,5.1
Isaiah Joe,2020-21,0.083,10.3
Isaiah Roby,2020-21,0.358,5.9
Isaiah Stewart,2020-21,0.49,4.2
Isaiah Thomas,2020-21,0.0,11.0
Ish Smith,2020-21,0.167,8.6
Ivica Zubac,2020-21,0.534,4.2
JJ Redick,2020-21,0.094,10.8
Ja Morant,2020-21,0.278,7.5
JaKarr Sampson,2020-21,0.442,3.9
JaMychal Green,2020-21,0.372,5.8
JaVale McGee,2020-21,0.402,4.5
Jabari Parker,2020-21,0.262,5.9
Jaden McDaniels,2020-21,0.418,6.5
Jae Crowder,2020-21,0.255,6.2
Jae'Sean Tate,2020-21,0.414,7.3
Jahlil Okafor,2020-21,0.53,4.8
Jahmi'us Ramsey,2020-21,0.2,9.9
Jake Layman,2020-21,0.343,7.9
Jakob Poeltl,2020-21,0.58,4.6
Jalen Brunson,2020-21,0.139,8.6
Jalen Harris,2020-21,0.222,9.8
Jalen Lecque,2020-21,0.2,14.6
Jalen McDaniels,2020-21,0.343,6.5
Jalen Smith,2020-21,0.351,5.8
Jamal Murray,2020-21,0.175,8.9
James Ennis III,2020-21,0.265,6.2
James Harden,2020-21,0.204,6.4
James Johnson,2020-21,0.277,7.5
James Nunnally,2020-21,0.0,8.5
James Wiseman,2020-21,0.323,4.8
Jared Dudley,2020-21,0.333,6.2
Jared Harper,2020-21,0.0,10.8
Jaren Jackson Jr.,2020-21,0.419,6.1
Jarred Vanderbilt,2020-21,0.408,5.0
Jarrell Brantley,2020-21,0.222,6.7
Jarrett Allen,2020-21,0.463,4.6
Jarrett Culver,2020-21,0.385,7.5
Javonte Green,2020-21,0.437,7.5
Jaxson Hayes,2020-21,0.463,6.0
Jay Scrubb,2020-21,0.071,35.5
Jaylen Adams,2020-21,0.0,21.7
Jaylen Brown,2020-21,0.259,8.1
Jaylen Hoard,2020-21,0.338,5.3
Jaylen Nowell,2020-21,0.126,8.5
Jayson Tatum,2020-21,0.184,6.1
Jeff Green,2020-21,0.274,7.4
Jeff Teague,2020-21,0.148,10.6
Jerami Grant,2020-21,0.252,6.8
Jeremiah Martin,2020-21,0.286,5.8
Jeremy Lamb,2020-21,0.214,5.8
Jerome Robinson,2020-21,0.105,8.1
Jevon Carter,2020-21,0.152,10.3
Jimmy Butler,2020-21,0.34,6.4
Joe Harris,2020-21,0.282,8.7
Joe Ingles,2020-21,0.123,9.1
Joel Embiid,2020-21,0.421,4.7
John Collins,2020-21,0.377,4.4
John Konchar,2020-21,0.391,6.5
John Wall,2020-21,0.225,8.5
Jonas Valanciunas,2020-21,0.459,3.9
Jontay Porter,2020-21,0.429,5.9
Jordan Bell,2020-21,0.417,4.1
Jordan Bone,2020-21,0.125,11.7
Jordan Clarkson,2020-21,0.175,8.0
Jordan McLaughlin,2020-21,0.222,10.5
Jordan Nwora,2020-21,0.233,8.6
Jordan Poole,2020-21,0.163,9.6
Josh Green,2020-21,0.269,9.5
Josh Hall,2020-21,0.22,12.1
Josh Hart,2020-21,0.268,6.4
Josh Jackson,2020-21,0.323,7.6
Josh Okogie,2020-21,0.417,8.0
Josh Richardson,2020-21,0.164,9.6
Jrue Holiday,2020-21,0.31,9.1
Juan Toscano-Anderson,2020-21,0.272,5.8
Juancho Hernangomez,2020-21,0.356,5.2
Julius Randle,2020-21,0.297,5.4
Justin Holiday,2020-21,0.211,7.5
Justin Jackson,2020-21,0.182,9.6
Justin James,2020-21,0.167,5.5
Justin Patton,2020-21,0.612,5.7
Justin Robinson,2020-21,0.0,10.4
Justise Winslow,2020-21,0.271,6.5
Jusuf Nurkic,2020-21,0.395,4.3
Juwan Morgan,2020-21,0.429,4.6
KZ Okpala,2020-21,0.324,9.2
Karim Mane,2020-21,0.214,5.2
Karl-Anthony Towns,2020-21,0.459,4.7
Kawhi Leonard,2020-21,0.35,7.2
Keita Bates-Diop,2020-21,0.367,6.4
Kelan Martin,2020-21,0.295,5.7
Keldon Johnson,2020-21,0.333,6.0
Keljin Blevins,2020-21,0.2,9.4
Kelly Olynyk,2020-21,0.299,5.6
Kelly Oubre Jr.,2020-21,0.319,6.1
Kemba Walker,2020-21,0.194,9.3
Kendrick Nunn,2020-21,0.168,9.2
Kenrich Williams,2020-21,0.377,6.5
Kent Bazemore,2020-21,0.175,6.5
Kentavious Caldwell-Pope,2020-21,0.212,7.8
Kenyon Martin Jr.,2020-21,0.446,5.6
Kevin Durant,2020-21,0.279,6.3
Kevin Huerter,2020-21,0.234,8.8
Kevin Knox II,2020-21,0.23,8.2
Kevin Love,2020-21,0.29,5.2
Kevin Porter Jr.,2020-21,0.283,8.9
Kevon Looney,2020-21,0.575,5.0
Khem Birch,2020-21,0.475,5.7
Khris Middleton,2020-21,0.207,7.3
Khyri Thomas,2020-21,0.167,10.0
Killian Hayes,2020-21,0.145,7.4
Killian Tillie,2020-21,0.458,8.0
Kira Lewis Jr.,2020-21,0.141,10.2
Kostas Antetokounmpo,2020-21,0.579,4.6
Kris Dunn,2020-21,0.333,5.5
Kristaps Porzingis,2020-21,0.396,5.0
Kyle Anderson,2020-21,0.27,6.6
Kyle Guy,2020-21,0.2,8.8
Kyle Kuzma,2020-21,0.288,5.9
Kyle Lowry,2020-21,0.235,7.4
Kyrie Irving,2020-21,0.265,8.1
LaMarcus Aldridge,2020-21,0.407,4.9
LaMelo Ball,2020-21,0.232,7.8
Lamar Stevens,2020-21,0.354,5.8
Landry Shamet,2020-21,0.214,8.9
Langston Galloway,2020-21,0.286,8.3
Larry Nance Jr.,2020-21,0.366,6.0
Lauri Markkanen,2020-21,0.313,5.8
LeBron James,2020-21,0.188,6.7
Lonnie Walker IV,2020-21,0.194,8.0
Lonzo Ball,2020-21,0.205,7.7
Lou Williams,2020-21,0.203,9.4
Louis King,2020-21,0.222,9.2
Luguentz Dort,2020-21,0.28,8.2
Luka Doncic,2020-21,0.239,5.6
Luka Samanic,2020-21,0.382,4.5
Luke Kennard,2020-21,0.211,7.7
Luke Kornet,2020-21,0.612,4.5
Malachi Flynn,2020-21,0.198,8.5
Malcolm Brogdon,2020-21,0.235,7.9
Malik Beasley,2020-21,0.34,8.1
Malik Fitts,2020-21,0.333,6.5
Malik Monk,2020-21,0.208,7.5
Mamadi Diakite,2020-21,0.471,4.3
Marc Gasol,2020-21,0.391,5.6
Marcus Morris Sr.,2020-21,0.265,6.8
Marcus Smart,2020-21,0.317,8.4
Markelle Fultz,2020-21,0.32,6.2
Markieff Morris,2020-21,0.305,6.6
Markus Howard,2020-21,0.19,9.5
Marques Bolden,2020-21,0.833,9.2
Marquese Chriss,2020-21,0.462,3.5
Marvin Bagley III,2020-21,0.406,5.3
Mason Jones,2020-21,0.127,6.8
Mason Plumlee,2020-21,0.36,4.5
Matisse Thybulle,2020-21,0.258,10.1
Matt Thomas,2020-21,0.205,8.4
Matthew Dellavedova,2020-21,0.375,8.6
Maurice Harkless,2020-21,0.292,7.4
Max Strus,2020-21,0.244,8.5
Maxi Kleber,2020-21,0.3,6.2
Meyers Leonard,2020-21,0.286,6.7
Mfiondu Kabengele,2020-21,0.4,4.8
Michael Carter-Williams,2020-21,0.273,7.6
Michael Porter Jr.,2020-21,0.357,5.3
Mikal Bridges,2020-21,0.314,7.9
Mike Conley,2020-21,0.158,10.7
Mike James,2020-21,0.219,6.5
Mike Muscala,2020-21,0.455,5.4
Mike Scott,2020-21,0.242,7.0
Miles Bridges,2020-21,0.39,6.1
Mitchell Robinson,2020-21,0.643,5.0
Miye Oni,2020-21,0.25,7.5
Mo Bamba,2020-21,0.404,3.7
Monte Morris,2020-21,0.104,10.6
Montrezl Harrell,2020-21,0.47,5.6
Moritz Wagner,2020-21,0.336,5.0
Moses Brown,2020-21,0.507,4.0
Mychal Mulder,2020-21,0.15,9.0
Myles Turner,2020-21,0.405,5.1
Naji Marshall,2020-21,0.277,4.7
Nassir Little,2020-21,0.25,6.0
Nate Darling,2020-21,0.0,19.5
Nate Hinton,2020-21,0.333,6.7
Nathan Knight,2020-21,0.542,4.9
Naz Reid,2020-21,0.481,4.0
Nemanja Bjelica,2020-21,0.315,6.4
Nerlens Noel,2020-21,0.413,5.0
Nic Claxton,2020-21,0.446,4.5
Nick Richards,2020-21,0.545,3.7
Nickeil Alexander-Walker,2020-21,0.201,6.2
Nico Mannion,2020-21,0.022,8.7
Nicolas Batum,2020-21,0.294,6.5
Nicolo Melli,2020-21,0.295,5.3
Nikola Jokic,2020-21,0.436,4.6
Nikola Vucevic,2020-21,0.388,4.4
Noah Vonleh,2020-21,0.0,3.4
Norman Powell,2020-21,0.242,8.5
Norvel Pelle,2020-21,0.474,5.7
OG Anunoby,2020-21,0.376,6.7
Obi Toppin,2020-21,0.333,5.0
Onyeka Okongwu,2020-21,0.503,6.0
Oshae Brissett,2020-21,0.409,5.2
Otto Porter Jr.,2020-21,0.25,6.3
P.J. Dozier,2020-21,0.291,7.9
P.J. Tucker,2020-21,0.299,8.3
P.J. Washington,2020-21,0.361,5.6
Pascal Siakam,2020-21,0.301,6.9
Pat Connaughton,2020-21,0.271,5.8
Patrick Beverley,2020-21,0.218,9.8
Patrick McCaw,2020-21,0.333,11.9
Patrick Patterson,2020-21,0.293,7.5
Patrick Williams,2020-21,0.318,6.1
Patty Mills,2020-21,0.06,12.5
Paul George,2020-21,0.203,6.5
Paul Millsap,2020-21,0.355,5.5
Paul Reed,2020-21,0.59,5.9
Paul Watson,2020-21,0.267,6.4
Payton Pritchard,2020-21,0.19,7.1
Precious Achiuwa,2020-21,0.423,4.8
Quinn Cook,2020-21,0.059,8.2
Quinndary Weatherspoon,2020-21,0.273,12.2
R.J. Hampton,2020-21,0.19,7.6
RJ Barrett,2020-21,0.222,6.7
Rajon Rondo,2020-21,0.173,8.8
Raul Neto,2020-21,0.173,9.8
Ray Spalding,2020-21,0.25,7.6
Rayjon Tucker,2020-21,0.364,4.2
Reggie Bullock,2020-21,0.13,10.0
Reggie Jackson,2020-21,0.188,8.5
Reggie Perry,2020-21,0.507,4.5
Richaun Holmes,2020-21,0.46,4.7
Ricky Rubio,2020-21,0.135,10.4
Robert Covington,2020-21,0.32,5.9
Robert Franks,2020-21,0.286,5.7
Robert Williams III,2020-21,0.522,5.4
Robert Woodard II,2020-21,0.438,4.8
Robin Lopez,2020-21,0.618,5.0
Rodions Kurucs,2020-21,0.348,4.7
Rodney Hood,2020-21,0.252,8.1
Rodney McGruder,2020-21,0.364,6.8
Romeo Langford,2020-21,0.286,7.1
Rondae Hollis-Jefferson,2020-21,0.385,3.9
Royce O'Neale,2020-21,0.26,6.1
Rudy Gay,2020-21,0.317,6.0
Rudy Gobert,2020-21,0.369,4.0
Rui Hachimura,2020-21,0.247,6.0
Russell Westbrook,2020-21,0.245,6.0
Ryan Arcidiacono,2020-21,0.179,8.3
Saben Lee,2020-21,0.155,8.6
Saddiq Bey,2020-21,0.22,7.5
Sam Merrill,2020-21,0.233,8.7
Sean McDermott,2020-21,0.579,8.0
Sekou Doumbouya,2020-21,0.371,6.9
Semi Ojeleye,2020-21,0.272,8.3
Serge Ibaka,2020-21,0.458,4.3
Seth Curry,2020-21,0.162,9.9
Shai Gilgeous-Alexander,2020-21,0.223,7.3
Shake Milton,2020-21,0.23,9.2
Shaquille Harrison,2020-21,0.125,8.7
Sindarius Thornwell,2020-21,0.278,6.3
Skylar Mays,2020-21,0.143,8.9
Solomon Hill,2020-21,0.336,7.4
Spencer Dinwiddie,2020-21,0.154,7.7
Stanley Johnson,2020-21,0.222,7.1
Stephen Curry,2020-21,0.197,8.4
Sterling Brown,2020-21,0.29,6.9
Steven Adams,2020-21,0.554,4.6
Svi Mykhailiuk,2020-21,0.184,10.1
T.J. Leaf,2020-21,0.4,5.6
T.J. McConnell,2020-21,0.18,10.3
T.J. Warren,2020-21,0.286,7.3
Tacko Fall,2020-21,0.442,4.7
Taj Gibson,2020-21,0.488,5.6
Talen Horton-Tucker,2020-21,0.195,6.8
Taurean Prince,2020-21,0.317,7.5
Terance Mann,2020-21,0.326,6.5
Terence Davis,2020-21,0.24,7.6
Terrance Ferguson,2020-21,1.0,3.0
Terrence Ross,2020-21,0.165,9.0
Terry Rozier,2020-21,0.179,7.9
Thaddeus Young,2020-21,0.395,5.9
Thanasis Antetokounmpo,2020-21,0.363,7.9
Theo Maledon,2020-21,0.152,8.9
Theo Pinson,2020-21,0.6,4.9
Thomas Bryant,2020-21,0.377,4.8
Thon Maker,2020-21,0.333,7.4
Tim Frazier,2020-21,0.0,7.6
Tim Hardaway Jr.,2020-21,0.218,7.7
Timothe Luwawu-Cabarrot,2020-21,0.31,7.8
Tobias Harris,2020-21,0.267,5.6
Tomas Satoransky,2020-21,0.232,8.9
Tony Bradley,2020-21,0.515,5.0
Tony Snell,2020-21,0.161,9.3
Torrey Craig,2020-21,0.376,6.3
Trae Young,2020-21,0.102,10.7
Tre Jones,2020-21,0.238,10.7
Tremont Waters,2020-21,0.143,9.8
Trent Forrest,2020-21,0.273,8.0
Trevor Ariza,2020-21,0.271,7.6
Trey Burke,2020-21,0.093,11.8
Trey Lyles,2020-21,0.326,5.0
Tristan Thompson,2020-21,0.46,5.1
Troy Brown Jr.,2020-21,0.21,6.6
Ty Jerome,2020-21,0.165,8.6
Ty-Shon Alexander,2020-21,0.0,9.4
Tyler Bey,2020-21,0.579,5.3
Tyler Cook,2020-21,0.221,6.3
Tyler Herro,2020-21,0.112,7.3
Tyler Johnson,2020-21,0.13,9.0
Tyrell Terry,2020-21,0.0,5.0
Tyrese Haliburton,2020-21,0.191,10.7
Tyrese Maxey,2020-21,0.173,9.2
Tyus Jones,2020-21,0.079,10.5
Udoka Azubuike,2020-21,0.538,4.5
Udonis Haslem,2020-21,1.0,2.4
Vernon Carey Jr.,2020-21,0.481,5.2
Victor Oladipo,2020-21,0.181,7.9
Vincent Poirier,2020-21,0.357,4.4
Vlatko Cancar,2020-21,0.28,5.8
Wayne Ellington,2020-21,0.118,11.5
Wendell Carter Jr.,2020-21,0.472,4.7
Wenyen Gabriel,2020-21,0.426,7.4
Wes Iwundu,2020-21,0.233,6.2
Wesley Matthews,2020-21,0.355,10.4
Will Barton,2020-21,0.217,5.6
Will Magnay,2020-21,0.0,0.0
Willie Cauley-Stein,2020-21,0.356,5.5
Willy Hernangomez,2020-21,0.494,4.5
Xavier Tillman Sr.,2020-21,0.426,6.1
Yogi Ferrell,2020-21,0.158,26.4
Yuta Watanabe,2020-21,0.34,5.8
Zach LaVine,2020-21,0.183,6.5
Zeke Nnaji,2020-21,0.354,5.6
Zion Williamson,2020-21,0.469,5.5
Aaron Gordon,2021-22,0.374,6.6
Aaron Henry,2021-22,0.0,9.3
Aaron Holiday,2021-22,0.115,10.7
Aaron Nesmith,2021-22,0.247,6.2
Aaron Wiggins,2021-22,0.298,7.4
Abdel Nader,2021-22,0.407,5.3
Ade Murkey,2021-22,0.0,0.0
Admiral Schofield,2021-22,0.27,5.5
Ahmad Caver,2021-22,0.0,0.0
Al Horford,2021-22,0.397,6.3
Alec Burks,2021-22,0.206,7.5
Aleem Ford,2021-22,0.133,8.2
Alekesej Pokusevski,2021-22,0.296,5.4
Alex Caruso,2021-22,0.264,8.8
Alex Len,2021-22,0.478,5.4
Alfonzo McKinnie,2021-22,0.333,7.5
Alize Johnson,2021-22,0.492,4.8
Alperen Sengun,2021-22,0.476,5.0
Amir Coffey,2021-22,0.185,8.7
Andre Drummond,2021-22,0.501,3.9
Andre Iguodala,2021-22,0.371,7.9
Andrew Wiggins,2021-22,0.324,6.7
Anfernee Simons,2021-22,0.199,9.0
Anthony Davis,2021-22,0.497,5.0
Anthony Edwards,2021-22,0.187,7.9
Anthony Gill,2021-22,0.365,8.1
Anthony Lamb,2021-22,0.0,6.0
Armoni Brooks,2021-22,0.117,9.4
Arnoldas Kulboka,2021-22,0.0,0.0
Austin Reaves,2021-22,0.264,8.1
Austin Rivers,2021-22,0.175,10.1
Avery Bradley,2021-22,0.228,9.8
Ayo Dosunmu,2021-22,0.21,8.9
BJ Johnson,2021-22,0.467,4.7
Bam Adebayo,2021-22,0.385,5.8
Ben McLemore,2021-22,0.291,8.2
Bismack Biyombo,2021-22,0.488,5.3
Blake Griffin,2021-22,0.452,5.1
Boban Marjanovic,2021-22,0.359,3.8
Bobby Portis,2021-22,0.399,5.0
Bogdan Bogdanovic,2021-22,0.224,7.6
Bojan Bogdanovic,2021-22,0.253,7.8
Bol Bol,2021-22,0.2,9.5
Bones Hyland,2021-22,0.112,7.7
Brad Wanamaker,2021-22,0.128,11.2
Bradley Beal,2021-22,0.265,7.9
Brandon Boston,2021-22,0.222,6.9
Brandon Clarke,2021-22,0.491,5.1
Brandon Goodwin,2021-22,0.209,9.3
Brandon Ingram,2021-22,0.272,6.9
Brandon Knight,2021-22,0.25,8.6
Brandon Williams,2021-22,0.216,12.0
Braxton Key,2021-22,0.42,6.2
Brodric Thomas,2021-22,0.5,5.8
Brook Lopez,2021-22,0.453,7.3
Bruce Brown,2021-22,0.31,6.3
Bruno Fernando,2021-22,0.491,4.1
Bryn Forbes,2021-22,0.161,10.7
Buddy Hield,2021-22,0.2,8.1
CJ Elleby,2021-22,0.286,6.9
CJ McCollum,2021-22,0.156,10.4
CJ Miles,2021-22,0.0,0.0
Cade Cunningham,2021-22,0.284,6.9
Caleb Martin,2021-22,0.265,7.5
Cam Reddish,2021-22,0.162,10.0
Cam Thomas,2021-22,0.205,8.3
Cameron Johnson,2021-22,0.252,7.8
Cameron McGriff,2021-22,0.533,8.2
Cameron Oliver,2021-22,0.5,5.8
Cameron Payne,2021-22,0.124,9.8
Caris LeVert,2021-22,0.257,8.1
Carlik Jones,2021-22,0.667,4.4
Carmelo Anthony,2021-22,0.347,6.2
Carsen Edwards,2021-22,0.167,12.5
Cassius Stanley,2021-22,0.474,6.2
Cassius Winston,2021-22,0.0,12.3
Cat Barber,2021-22,0.333,4.9
Cedi Osman,2021-22,0.192,8.6
Chandler Hutchison,2021-22,0.2,5.8
Charles Bassey,2021-22,0.565,3.7
Charlie Brown Jr.,2021-22,0.406,4.5
Chaundee Brown Jr.,2021-22,0.0,8.5
Cheick Diallo,2021-22,0.5,3.6
Chimezie Metu,2021-22,0.269,5.0
Chris Boucher,2021-22,0.431,4.6
Chris Chiozza,2021-22,0.286,8.6
Chris Duarte,2021-22,0.195,7.9
Chris Paul,2021-22,0.193,9.0
Chris Silva,2021-22,0.306,4.1
Christian Wood,2021-22,0.373,4.8
Chuma Okeke,2021-22,0.32,7.1
Clint Capela,2021-22,0.426,4.6
Coby White,2021-22,0.214,7.9
Cody Martin,2021-22,0.306,8.2
Cody Zeller,2021-22,0.432,5.0
Cole Anthony,2021-22,0.172,6.8
Collin Sexton,2021-22,0.306,9.9
Corey Kispert,2021-22,0.201,8.8
Cory Joseph,2021-22,0.241,8.8
Craig Sword,2021-22,0.0,0.0
D'Angelo Russell,2021-22,0.162,9.3
D.J. Augustin,2021-22,0.059,12.2
D.J. Wilson,2021-22,0.25,4.9
DaQuan Jeffries,2021-22,1.0,7.6
Daishen Nix,2021-22,0.303,6.4
Dakota Mathias,2021-22,0.0,0.0
Dalano Banton,2021-22,0.387,6.5
Damian Jones,2021-22,0.392,5.5
Damian Lillard,2021-22,0.167,9.2
Damion Lee,2021-22,0.232,7.7
Damyean Dotson,2021-22,0.0,1.6
Daniel Gafford,2021-22,0.496,4.0
Daniel Oturu,2021-22,0.4,2.5
Daniel Theis,2021-22,0.364,5.4
Danilo Gallinari,2021-22,0.227,6.4
Danny Green,2021-22,0.223,8.3
Danuel House Jr.,2021-22,0.225,8.4
Darius Bazley,2021-22,0.298,5.3
Darius Garland,2021-22,0.138,11.1
Darren Collison,2021-22,0.25,8.6
David Duke Jr.,2021-22,0.507,7.6
David Johnson,2021-22,0.0,0.0
David Nwaba,2021-22,0.291,6.9
Davion Mitchell,2021-22,0.148,10.6
Davis Bertans,2021-22,0.316,6.9
Davon Reed,2021-22,0.241,7.0
Day'Ron Sharpe,2021-22,0.594,4.3
De'Aaron Fox,2021-22,0.149,9.6
De'Andre Hunter,2021-22,0.335,7.0
De'Anthony Melton,2021-22,0.244,7.1
DeAndre Jordan,2021-22,0.424,4.9
DeAndre' Bembry,2021-22,0.313,6.7
DeJon Jarreau,2021-22,0.0,0.0
DeMar DeRozan,2021-22,0.217,8.2
DeMarcus Cousins,2021-22,0.437,4.6
Dean Wade,2021-22,0.273,6.2
Deandre Ayton,2021-22,0.413,4.8
Deividas Sirvydis,2021-22,0.167,3.3
Dejounte Murray,2021-22,0.218,6.2
Delon Wright,2021-22,0.232,7.7
Deni Avdija,2021-22,0.292,4.6
Dennis Schroder,2021-22,0.11,10.4
Dennis Smith Jr.,2021-22,0.216,8.6
Denzel Valentine,2021-22,0.19,6.4
Derrick Favors,2021-22,0.489,4.9
Derrick Jones Jr.,2021-22,0.367,6.0
Derrick Rose,2021-22,0.269,9.6
Derrick Walton Jr.,2021-22,0.2,9.4
Derrick White,2021-22,0.261,9.2
Desmond Bane,2021-22,0.204,7.1
Devin Booker,2021-22,0.184,8.0
Devin Cannady,2021-22,0.0,6.2
Devin Vassell,2021-22,0.317,6.4
Devon Dotson,2021-22,0.222,9.2
Devontae Cacok,2021-22,0.357,3.8
Devonte' Graham,2021-22,0.159,11.4
Dewayne Dedmon,2021-22,0.399,4.6
Didi Louzada,2021-22,0.235,10.1
Dillon Brooks,2021-22,0.242,9.0
Domantas Sabonis,2021-22,0.387,4.5
Donovan Mitchell,2021-22,0.227,9.7
Donte DiVincenzo,2021-22,0.235,7.3
Dorian Finney-Smith,2021-22,0.368,7.2
Doug McDermott,2021-22,0.278,7.5
Draymond Green,2021-22,0.339,5.7
Drew Eubanks,2021-22,0.419,4.5
Duane Washington Jr.,2021-22,0.229,8.5
Duncan Robinson,2021-22,0.158,9.1
Dwight Howard,2021-22,0.455,4.4
Dwight Powell,2021-22,0.411,6.0
Dylan Windler,2021-22,0.326,6.2
Ed Davis,2021-22,0.203,5.9
Elfrid Payton,2021-22,0.291,7.5
Elijah Hughes,2021-22,0.224,7.1
Emanuel Terry,2021-22,0.667,3.6
Emmanuel Mudiay,2021-22,0.0,0.0
Enes Freedom,2021-22,0.484,4.7
Eric Bledsoe,2021-22,0.192,9.4
Eric Gordon,2021-22,0.195,10.9
Eric Paschall,2021-22,0.368,6.8
Eugene Omoruyi,2021-22,0.286,7.0
Evan Fournier,2021-22,0.243,10.7
Evan Mobley,2021-22,0.389,5.3
Facundo Campazzo,2021-22,0.154,11.3
Feron Hunt,2021-22,0.0,5.2
Frank Jackson,2021-22,0.264,10.2
Frank Kaminsky,2021-22,0.39,4.5
Frank Ntilikina,2021-22,0.177,10.8
Franz Wagner,2021-22,0.261,8.7
Fred VanVleet,2021-22,0.156,10.1
Freddie Gillespie,2021-22,0.528,5.0
Furkan Korkmaz,2021-22,0.149,10.0
Gabe Vincent,2021-22,0.214,10.6
Gabe York,2021-22,0.5,9.2
Gabriel Deck,2021-22,0.667,2.7
Gabriel Lundberg,2021-22,0.143,6.7
Garrett Temple,2021-22,0.241,9.4
Garrison Mathews,2021-22,0.247,8.8
Gary Clark,2021-22,0.361,7.1
Gary Harris,2021-22,0.123,10.5
Gary Payton II,2021-22,0.39,6.0
Gary Trent Jr.,2021-22,0.173,9.1
George Hill,2021-22,0.226,8.8
George King,2021-22,0.6,4.2
Georges Niang,2021-22,0.236,7.7
Georgios Kalaitzakis,2021-22,0.333,7.6
Giannis Antetokounmpo,2021-22,0.323,5.0
Goga Bitadze,2021-22,0.531,4.6
Goran Dragic,2021-22,0.246,9.7
Gordon Hayward,2021-22,0.257,7.9
Gorgui Dieng,2021-22,0.397,5.5
Grant Williams,2021-22,0.35,6.3
Grayson Allen,2021-22,0.158,8.7
Greg Brown III,2021-22,0.363,6.1
Greg Monroe,2021-22,0.531,5.8
Hamidou Diallo,2021-22,0.277,6.2
Harrison Barnes,2021-22,0.291,7.0
Hassan Whiteside,2021-22,0.49,4.2
Hassani Gravett,2021-22,0.19,9.1
Haywood Highsmith,2021-22,0.462,5.5
Herbert Jones,2021-22,0.314,9.0
Ignas Brazdeikis,2021-22,0.319,7.1
Immanuel Quickley,2021-22,0.11,8.6
Isaac Bonga,2021-22,0.429,6.1
Isaac Okoro,2021-22,0.299,10.4
Isaiah Hartenstein,2021-22,0.488,5.1
Isaiah Jackson,2021-22,0.577,3.6
Isaiah Joe,2021-22,0.089,8.4
Isaiah Livers,2021-22,0.316,8.5
Isaiah Roby,2021-22,0.433,5.5
Isaiah Stewart,2021-22,0.422,4.3
Isaiah Thomas,2021-22,0.103,10.5
Isaiah Todd,2021-22,0.083,9.1
Ish Smith,2021-22,0.187,8.9
Ish Wainright,2021-22,0.566,7.4
Ivica Zubac,2021-22,0.528,4.0
JT Thor,2021-22,0.256,7.8
Ja Morant,2021-22,0.218,8.2
JaMychal Green,2021-22,0.406,5.2
JaQuori McLaughlin,2021-22,0.0,0.0
JaVale McGee,2021-22,0.51,3.9
Jabari Parker,2021-22,0.286,7.2
Jaden McDaniels,2021-22,0.328,7.2
Jaden Springer,2021-22,0.5,9.8
Jae Crowder,2021-22,0.266,6.2
Jae'Sean Tate,2021-22,0.39,6.8
Jahmi'us Ramsey,2021-22,0.154,11.0
Jaime Echenique,2021-22,0.0,0.0
Jake Layman,2021-22,0.361,6.1
Jakob Poeltl,2021-22,0.585,4.6
Jalen Brunson,2021-22,0.155,9.1
Jalen Green,2021-22,0.181,7.4
Jalen Johnson,2021-22,0.423,4.3
Jalen McDaniels,2021-22,0.293,6.6
Jalen Smith,2021-22,0.396,4.5
Jalen Suggs,2021-22,0.251,7.2
James Bouknight,2021-22,0.327,7.1
James Ennis III,2021-22,0.583,5.5
James Harden,2021-22,0.206,7.1
James Johnson,2021-22,0.377,6.5
Jamorko Pickett,2021-22,0.313,6.6
Jared Butler,2021-22,0.289,9.7
Jared Harper,2021-22,0.0,17.5
Jaren Jackson Jr.,2021-22,0.397,6.5
Jarred Vanderbilt,2021-22,0.394,5.0
Jarrett Allen,2021-22,0.472,4.9
Jarrett Culver,2021-22,0.34,7.9
Jarron Cumberland,2021-22,0.333,6.6
Javin DeLaurier,2021-22,0.0,7.6
Javonte Green,2021-22,0.373,6.2
Javonte Smart,2021-22,0.292,8.8
Jaxson Hayes,2021-22,0.399,6.0
Jay Huff,2021-22,0.0,7.4
Jay Scrubb,2021-22,0.063,8.1
Jaylen Brown,2021-22,0.257,6.9
Jaylen Hoard,2021-22,0.333,4.5
Jaylen Morris,2021-22,0.0,9.9
Jaylen Nowell,2021-22,0.211,8.2
Jaysean Paige,2021-22,0.0,7.1
Jayson Tatum,2021-22,0.229,6.7
Jeff Dowtin,2021-22,0.278,11.0
Jeff Green,2021-22,0.32,7.0
Jemerrio Jones,2021-22,0.333,2.2
Jerami Grant,2021-22,0.22,8.4
Jeremiah Robinson-Earl,2021-22,0.453,5.9
Jeremy Lamb,2021-22,0.253,6.2
Jericho Sims,2021-22,0.527,4.8
Jevon Carter,2021-22,0.109,10.5
Jimmy Butler,2021-22,0.375,6.8
Jock Landale,2021-22,0.58,4.8
Joe Harris,2021-22,0.25,8.2
Joe Ingles,2021-22,0.176,10.0
Joe Johnson,2021-22,0.0,0.0
Joe Wieskamp,2021-22,0.5,8.5
Joel Ayayi,2021-22,0.0,9.4
Joel Embiid,2021-22,0.426,4.5
John Collins,2021-22,0.415,4.4
John Konchar,2021-22,0.258,7.0
Jon Teske,2021-22,0.0,6.5
Jonas Valanciunas,2021-22,0.438,3.8
Jonathan Kuminga,2021-22,0.303,6.0
Jordan Bell,2021-22,0.0,13.3
Jordan Clarkson,2021-22,0.231,8.0
Jordan Goodwin,2021-22,0.0,9.8
Jordan McLaughlin,2021-22,0.255,8.7
Jordan Nwora,2021-22,0.172,7.1
Jordan Poole,2021-22,0.154,9.4
Jordan Schakel,2021-22,0.25,7.7
Jose Alvarado,2021-22,0.172,9.4
Josh Christopher,2021-22,0.296,7.5
Josh Giddey,2021-22,0.287,6.0
Josh Green,2021-22,0.242,8.9
Josh Hart,2021-22,0.288,6.7
Josh Jackson,2021-22,0.288,6.3
Josh Okogie,2021-22,0.357,8.0
Josh Richardson,2021-22,0.219,9.0
Joshua Primo,2021-22,0.31,8.1
Jrue Holiday,2021-22,0.342,7.9
Juan Toscano-Anderson,2021-22,0.205,5.8
Juancho Hernangomez,2021-22,0.26,6.3
Julius Randle,2021-22,0.301,5.0
Justin Anderson,2021-22,0.196,6.9
Justin Champagnie,2021-22,0.556,6.5
Justin Holiday,2021-22,0.263,9.5
Justin Jackson,2021-22,0.0,9.9
Justin Robinson,2021-22,0.048,10.2
Justise Winslow,2021-22,0.348,6.0
Jusuf Nurkic,2021-22,0.426,4.4
Juwan Morgan,2021-22,0.5,5.6
KZ Okpala,2021-22,0.317,5.7
Kai Jones,2021-22,0.727,4.0
Karl-Anthony Towns,2021-22,0.426,5.4
Keifer Sykes,2021-22,0.133,11.6
Keita Bates-Diop,2021-22,0.29,6.1
Kelan Martin,2021-22,0.309,6.1
Keldon Johnson,2021-22,0.287,5.7
Keljin Blevins,2021-22,0.289,7.8
Kelly Olynyk,2021-22,0.463,5.3
Kelly Oubre Jr.,2021-22,0.332,7.3
Kemba Walker,2021-22,0.162,10.0
Kenrich Williams,2021-22,0.423,6.4
Kent Bazemore,2021-22,0.217,7.2
Kentavious Caldwell-Pope,2021-22,0.199,8.7
Kenyon Martin Jr.,2021-22,0.394,6.9
Keon Johnson,2021-22,0.309,9.2
Kessler Edwards,2021-22,0.302,6.0
Kevin Durant,2021-22,0.27,7.3
Kevin Huerter,2021-22,0.201,9.0
Kevin Knox II,2021-22,0.273,8.0
Kevin Love,2021-22,0.39,4.5
Kevin Pangos,2021-22,0.091,12.1
Kevin Porter Jr.,2021-22,0.251,7.3
Kevon Looney,2021-22,0.467,5.0
Khem Birch,2021-22,0.49,6.0
Khris Middleton,2021-22,0.236,7.1
Killian Hayes,2021-22,0.212,8.7
Killian Tillie,2021-22,0.382,9.3
Kira Lewis Jr.,2021-22,0.077,9.2
Klay Thompson,2021-22,0.232,7.7
Kris Dunn,2021-22,0.245,7.1
Kristaps Porzingis,2021-22,0.423,5.1
Kyle Anderson,2021-22,0.353,6.2
Kyle Guy,2021-22,0.294,9.2
Kyle Kuzma,2021-22,0.28,5.2
Kyle Lowry,2021-22,0.195,8.0
Kyrie Irving,2021-22,0.189,8.4
LaMarcus Aldridge,2021-22,0.426,5.6
LaMelo Ball,2021-22,0.259,8.1
Lamar Stevens,2021-22,0.317,5.8
Lance Stephenson,2021-22,0.15,7.4
Landry Shamet,2021-22,0.19,11.0
Langston Galloway,2021-22,0.333,6.5
Larry Nance Jr.,2021-22,0.347,6.1
Lauri Markkanen,2021-22,0.38,6.0
LeBron James,2021-22,0.296,6.1
Leandro Bolmaro,2021-22,0.372,8.1
Lindell Wigginton,2021-22,0.16,7.4
Lindy Waters III,2021-22,0.247,8.1
Lonnie Walker IV,2021-22,0.221,9.0
Lonzo Ball,2021-22,0.284,8.4
Lou Williams,2021-22,0.184,9.1
Louis King,2021-22,0.333,8.4
Luguentz Dort,2021-22,0.245,8.4
Luka Doncic,2021-22,0.263,5.7
Luka Garza,2021-22,0.531,5.3
Luke Kennard,2021-22,0.135,7.9
Luke Kornet,2021-22,0.517,4.5
M.J. Walker,2021-22,0.0,4.1
Mac McClung,2021-22,0.0,7.2
Malachi Flynn,2021-22,0.222,9.9
Malcolm Brogdon,2021-22,0.259,8.3
Malcolm Hill,2021-22,0.229,7.1
Malik Beasley,2021-22,0.172,9.5
Malik Fitts,2021-22,0.294,7.9
Malik Monk,2021-22,0.184,7.1
Malik Newman,2021-22,0.0,8.3
Mamadi Diakite,2021-22,0.475,4.1
Marcus Garrett,2021-22,0.478,7.2
Marcus Morris Sr.,2021-22,0.199,7.7
Marcus Smart,2021-22,0.306,8.9
Markelle Fultz,2021-22,0.245,7.7
Markieff Morris,2021-22,0.378,5.7
Marko Simonovic,2021-22,0.7,2.9
Markus Howard,2021-22,0.0,7.8
Marquese Chriss,2021-22,0.466,5.0
Marvin Bagley III,2021-22,0.42,4.7
Mason Jones,2021-22,0.1,5.7
Mason Plumlee,2021-22,0.42,4.7
Matisse Thybulle,2021-22,0.252,9.7
Matt Mooney,2021-22,0.0,0.0
Matt Ryan,2021-22,0.0,0.0
Matt Thomas,2021-22,0.14,8.4
Maurice Harkless,2021-22,0.222,7.1
Max Strus,2021-22,0.238,8.1
Maxi Kleber,2021-22,0.426,5.8
McKinley Wright IV,2021-22,0.0,0.0
Melvin Frazier Jr.,2021-22,0.154,8.7
Micah Potter,2021-22,0.222,2.8
Michael Porter Jr.,2021-22,0.22,5.6
Mikal Bridges,2021-22,0.335,8.3
Mike Conley,2021-22,0.157,10.2
Mike Muscala,2021-22,0.457,5.1
Miles Bridges,2021-22,0.3,6.4
Miles McBride,2021-22,0.238,9.6
Mitchell Robinson,2021-22,0.631,5.3
Miye Oni,2021-22,0.286,5.6
Mo Bamba,2021-22,0.369,4.2
Monte Morris,2021-22,0.133,10.0
Montrezl Harrell,2021-22,0.448,5.6
Moritz Wagner,2021-22,0.353,5.7
Moses Brown,2021-22,0.467,4.2
Moses Moody,2021-22,0.347,7.8
Moses Wright,2021-22,0.0,11.8
Mychal Mulder,2021-22,0.125,7.2
Myles Powell,2021-22,0.0,10.1
Myles Turner,2021-22,0.407,5.3
Naji Marshall,2021-22,0.296,5.8
Nassir Little,2021-22,0.347,6.7
Nate Hinton,2021-22,0.0,0.0
Nathan Knight,2021-22,0.494,5.1
Naz Reid,2021-22,0.482,4.9
Neemias Queta,2021-22,0.677,5.1
Nemanja Bjelica,2021-22,0.445,4.8
Nerlens Noel,2021-22,0.482,5.3
Nic Claxton,2021-22,0.447,4.7
Nick Richards,2021-22,0.512,4.6
Nickeil Alexander-Walker,2021-22,0.246,6.9
Nicolas Batum,2021-22,0.279,6.3
Nik Stauskas,2021-22,0.333,11.9
Nikola Jokic,2021-22,0.442,4.1
Nikola Vucevic,2021-22,0.409,4.3
Norman Powell,2021-22,0.214,9.6
Norvel Pelle,2021-22,0.333,3.4
OG Anunoby,2021-22,0.33,7.4
Obi Toppin,2021-22,0.287,5.7
Olivier Sarr,2021-22,0.409,5.8
Omer Yurtseven,2021-22,0.408,3.9
Onyeka Okongwu,2021-22,0.481,5.3
Oshae Brissett,2021-22,0.38,5.9
Otto Porter Jr.,2021-22,0.341,6.1
P.J. Dozier,2021-22,0.27,7.9
P.J. Tucker,2021-22,0.362,6.6
P.J. Washington,2021-22,0.421,5.5
Paris Bass,2021-22,1.0,9.9
Pascal Siakam,2021-22,0.331,6.0
Pat Connaughton,2021-22,0.293,7.2
Patrick Beverley,2021-22,0.204,8.9
Patrick Williams,2021-22,0.261,7.6
Patty Mills,2021-22,0.122,10.9
Paul George,2021-22,0.23,6.1
Paul Millsap,2021-22,0.465,4.5
Paul Reed,2021-22,0.522,5.3
Paul Watson,2021-22,0.148,7.3
Payton Pritchard,2021-22,0.201,9.6
Petr Cornelie,2021-22,0.571,4.0
Precious Achiuwa,2021-22,0.406,5.3
Quentin Grimes,2021-22,0.28,8.6
Quinndary Weatherspoon,2021-22,0.5,8.4
R.J. Hampton,2021-22,0.196,8.7
RJ Barrett,2021-22,0.222,7.3
RJ Nembhard Jr.,2021-22,0.143,9.5
Rajon Rondo,2021-22,0.13,8.4
Raul Neto,2021-22,0.112,10.2
Rayjon Tucker,2021-22,0.375,8.3
Reggie Bullock,2021-22,0.216,8.3
Reggie Jackson,2021-22,0.16,9.4
Reggie Perry,2021-22,0.404,4.6
Richaun Holmes,2021-22,0.458,4.5
Ricky Rubio,2021-22,0.156,10.8
Rob Edwards,2021-22,0.333,6.7
Robert Covington,2021-22,0.279,6.1
Robert Williams III,2021-22,0.503,5.5
Robert Woodard II,2021-22,0.273,6.0
Robin Lopez,2021-22,0.643,5.7
Rodney Hood,2021-22,0.208,7.9
Rodney McGruder,2021-22,0.309,8.3
Romeo Langford,2021-22,0.352,7.2
Royce O'Neale,2021-22,0.247,7.1
Rudy Gay,2021-22,0.351,5.7
Rudy Gobert,2021-22,0.397,3.9
Rui Hachimura,2021-22,0.263,6.4
Russell Westbrook,2021-22,0.293,6.8
Ryan Arcidiacono,2021-22,0.0,8.0
Saben Lee,2021-22,0.318,8.1
Saddiq Bey,2021-22,0.247,7.5
Sam Dekker,2021-22,0.0,0.0
Sam Hauser,2021-22,0.241,7.1
Sam Merrill,2021-22,0.143,7.6
Sandro Mamukelashvili,2021-22,0.439,5.2
Santi Aldama,2021-22,0.429,5.4
Scottie Barnes,2021-22,0.377,6.4
Scottie Lewis,2021-22,0.0,0.0
Scotty Hopson,2021-22,0.0,1.9
Sekou Doumbouya,2021-22,0.5,7.9
Semi Ojeleye,2021-22,0.392,6.6
Serge Ibaka,2021-22,0.434,5.1
Seth Curry,2021-22,0.125,10.5
Shai Gilgeous-Alexander,2021-22,0.245,7.9
Shake Milton,2021-22,0.176,8.9
Shaq Buchanan,2021-22,0.5,2.2
Shaquille Harrison,2021-22,0.25,8.5
Sharife Cooper,2021-22,0.2,5.7
Skylar Mays,2021-22,0.2,9.3
Solomon Hill,2021-22,0.217,6.1
Spencer Dinwiddie,2021-22,0.233,8.5
Stanley Johnson,2021-22,0.394,7.0
Stephen Curry,2021-22,0.176,7.7
Sterling Brown,2021-22,0.255,6.0
Steven Adams,2021-22,0.531,4.3
Svi Mykhailiuk,2021-22,0.217,8.5
T.J. McConnell,2021-22,0.189,9.3
Tacko Fall,2021-22,0.435,4.2
Taj Gibson,2021-22,0.471,5.2
Talen Horton-Tucker,2021-22,0.29,8.0
Taurean Prince,2021-22,0.247,8.6
Terance Mann,2021-22,0.309,6.1
Terence Davis,2021-22,0.304,6.7
Terrence Ross,2021-22,0.155,9.1
Terry Rozier,2021-22,0.217,8.3
Terry Taylor,2021-22,0.494,6.3
Thaddeus Young,2021-22,0.433,6.1
Thanasis Antetokounmpo,2021-22,0.485,6.4
Theo Maledon,2021-22,0.16,9.1
Theo Pinson,2021-22,0.381,8.2
Thomas Bryant,2021-22,0.389,4.4
Tim Frazier,2021-22,0.053,9.0
Tim Hardaway Jr.,2021-22,0.288,8.0
Timothe Luwawu-Cabarrot,2021-22,0.232,8.1
Tobias Harris,2021-22,0.266,6.1
Tomas Satoransky,2021-22,0.183,8.4
Tony Bradley,2021-22,0.478,4.6
Tony Snell,2021-22,0.243,8.2
Torrey Craig,2021-22,0.316,6.3
Trae Young,2021-22,0.095,10.9
Trayvon Palmer,2021-22,0.5,7.1
Tre Jones,2021-22,0.142,9.1
Tre Mann,2021-22,0.228,8.3
Tremont Waters,2021-22,0.25,10.8
Trendon Watford,2021-22,0.392,5.8
Trent Forrest,2021-22,0.222,8.7
Trevelin Queen,2021-22,0.688,7.1
Trevon Scott,2021-22,0.5,7.5
Trevor Ariza,2021-22,0.183,7.0
Trey Burke,2021-22,0.121,11.2
Trey Lyles,2021-22,0.357,5.3
Trey Murphy III,2021-22,0.313,7.8
Tristan Thompson,2021-22,0.504,4.8
Troy Brown Jr.,2021-22,0.32,6.9
Ty Jerome,2021-22,0.256,9.3
Tyler Cook,2021-22,0.358,5.3
Tyler Hall,2021-22,0.0,0.0
Tyler Herro,2021-22,0.161,8.1
Tyler Johnson,2021-22,0.167,13.6
Tyrell Terry,2021-22,0.0,0.0
Tyrese Haliburton,2021-22,0.114,9.5
Tyrese Maxey,2021-22,0.138,10.2
Tyrone Wallace,2021-22,0.25,5.5
Tyus Jones,2021-22,0.076,9.2
Udoka Azubuike,2021-22,0.296,4.8
Udonis Haslem,2021-22,0.4,4.8
Usman Garuba,2021-22,0.373,5.1
Vernon Carey Jr.,2021-22,0.583,4.3
Victor Oladipo,2021-22,0.217,8.1
Vit Krejci,2021-22,0.188,7.5
Vlatko Cancar,2021-22,0.226,8.3
Wayne Ellington,2021-22,0.208,9.1
Wayne Selden,2021-22,1.0,5.9
Wendell Carter Jr.,2021-22,0.4,4.9
Wenyen Gabriel,2021-22,0.547,5.5
Wes Iwundu,2021-22,0.385,8.1
Wesley Matthews,2021-22,0.37,9.9
Will Barton,2021-22,0.176,6.1
Willie Cauley-Stein,2021-22,0.5,4.7
Willy Hernangomez,2021-22,0.45,4.5
Xavier Moon,2021-22,0.286,10.1
Xavier Sneed,2021-22,0.667,4.9
Xavier Tillman Sr.,2021-22,0.441,6.5
Yuta Watanabe,2021-22,0.283,7.0
Yves Pons,2021-22,0.167,9.4
Zach Collins,2021-22,0.418,4.8
Zach LaVine,2021-22,0.175,6.4
Zavier Simpson,2021-22,0.143,11.6
Zeke Nnaji,2021-22,0.469,5.2
Ziaire Williams,2021-22,0.163,9.5
Zylan Cheatham,2021-22,0.0,0.0
